-- Adminer 4.7.0 PostgreSQL dump

DROP TABLE IF EXISTS "Chapter";
DROP SEQUENCE IF EXISTS "Chapter_id_seq";
CREATE SEQUENCE "Chapter_id_seq" INCREMENT  MINVALUE  MAXVALUE  START 1 CACHE ;

CREATE TABLE "public"."Chapter" (
    "id" integer DEFAULT nextval('"Chapter_id_seq"') NOT NULL,
    "name" character varying(255) DEFAULT '' NOT NULL,
    "description" character varying(255),
    "duration" integer DEFAULT '60',
    "updated_at" timestamp,
    "created_at" timestamp,
    "user_id" integer DEFAULT '5' NOT NULL,
    "serie_id" integer NOT NULL,
    "season" integer,
    "id_ep" integer,
    CONSTRAINT "Chapter_Unique" UNIQUE ("serie_id", "season", "id_ep"),
    CONSTRAINT "Chapter_id" PRIMARY KEY ("id"),
    CONSTRAINT "Chapter_id_serie_fkey" FOREIGN KEY (serie_id) REFERENCES "Serie"(id) ON UPDATE CASCADE ON DELETE CASCADE NOT DEFERRABLE,
    CONSTRAINT "Chapter_id_user_fkey" FOREIGN KEY (user_id) REFERENCES "User"(id) ON UPDATE CASCADE ON DELETE CASCADE NOT DEFERRABLE
) WITH (oids = false);

INSERT INTO "Chapter" ("id", "name", "description", "duration", "updated_at", "created_at", "user_id", "serie_id", "season", "id_ep") VALUES
(55,	'Pilot',	'Olivia "Liv" Moore was a rosy-cheeked, disciplined, over-achieving medical resident who had her life path completely mapped out, until the night she attended a party that unexpectedly turned into a zombie feeding frenzy. ',	3600,	'2019-02-01 00:00:00',	'2019-01-01 00:00:00',	5,	7,	1,	1),
(59,	'Flight of the Living Dead',	'Liv must eat the brains of her murdered sorority sister in order to gain insight about the crime. ',	3600,	'2019-02-01 00:00:00',	'2019-01-01 00:00:00',	5,	7,	1,	5),
(63,	'Zombie Bro',	'Liv eats the brain of a murdered, hard-partying fraternity brother; Ravi asks Major to come with him as he searches desperately for the cure; Blaine meets with a mysterious person from his past.',	3600,	'2019-02-01 00:00:00',	'2019-01-01 00:00:00',	5,	7,	2,	2),
(121,	'Avatar: The Last Airbender',	'Sokka and his sister Kya - later renamed Katara, must travel the world to find masters for Aang, who is the Avatar. However, they must evade a critical foe, Prince Zuko of the Fire Nation, who wants to capture Aang. ',	30,	NULL,	NULL,	5,	18,	1,	0),
(130,	'The Waterbending Scroll',	'Katara, desperate to improve her abilities and teach Aang, steals an expensive waterbending scroll from pirates, causing them to pursue the group.',	30,	NULL,	NULL,	5,	18,	1,	9),
(139,	'First Battle: Defense of Trost, Part 1',	'Eren faces off against the Colossal Titan after it appears out of nowhere and knocks a strategic hole in the Rose Wall gate. As Titans swarm the city, the newly graduated Cadets are called in to fight in brutal battle that won''t be without casualties. ',	60,	NULL,	NULL,	5,	20,	1,	5),
(148,	'Can''t Look Into His Eyes Yet: Eve of the Counterattack, Part 1',	'A special military tribunal will decide Eren''s fate. The Military Police calls for his execution while the Scout Regiment argues that he is a powerful resource for humankind, and Mikasa is put on the spot when asked about the events of the Trost mission. ',	60,	NULL,	NULL,	5,	20,	1,	14),
(157,	'Kaikou',	'The Scouts rally and charge in pursuit, but Reiner is not quite himself while the group is trapped in the giant forest until nightfall. ',	60,	NULL,	NULL,	5,	20,	2,	9),
(166,	'Man vet når gutter lyver',	'Eva suspects that Jonas is cheating on her with her former friend Ingrid, and meets Isak to talk about it. Vilde reveals details about her and William. The girls go to a Halloween party Christoffer invited them to.',	60,	NULL,	NULL,	5,	21,	1,	6),
(174,	'On the Pull',	'Mark and Jeremy go out to a party, where Mark strikes up conversation with a teenage "goth". The three go with Toni to a bowling alley, where Mark embarrassingly runs into Sophie, who''s going out with a work colleague.',	60,	NULL,	NULL,	5,	22,	1,	3),
(71,	'Method Head',	'Liv and Clive visit the set of a popular TV show to find out who killed one of the main characters. ',	3600,	'2019-02-01 00:00:00',	'2019-01-01 00:00:00',	5,	7,	2,	10),
(182,	'Contempt',	'Will continues to defy the government by refusing to out the name of the source of the stolen documents.',	60,	NULL,	NULL,	5,	23,	1,	4),
(67,	'Max Wager',	'Liv unwittingly crosses paths with the most dangerous man in Seattle, a slimy crime lord named Stacey Boss, while investigating the murder of degenerate gambler Harry.',	3600,	'2019-02-01 00:00:00',	'2019-01-01 00:00:00',	5,	7,	2,	6),
(54,	'ABQ',	'Walt''s lies have pushed Skyler to her limit. She leaves with the kids. Meanwhile, Jesse blames himself for Jane''s death and goes into rehab. ',	3600,	'2019-02-01 00:00:00',	'2019-01-01 00:00:00',	5,	8,	2,	13),
(50,	'4 Days Out',	'Walt and Jesse become stranded out in the middle of the desert after cooking more crystal. ',	3600,	'2019-02-01 00:00:00',	'2019-01-01 00:00:00',	5,	8,	2,	9),
(58,	'Liv and Let Clive',	'Clive refuses Liv''s help when one of his former criminal contacts is murdered. ',	3600,	'2019-02-01 00:00:00',	'2019-01-01 00:00:00',	5,	7,	1,	4),
(62,	'Grumpy Old Liv',	'Liv eats a cantankerous old man''s brain to learn the details of his death; Ravi thinks Major is experiencing a side effect of the cure; Liv visits Blaine. ',	3600,	'2019-02-01 00:00:00',	'2019-01-01 00:00:00',	5,	7,	2,	1),
(66,	'Love & Basketball',	'Liv, Babineaux and Ravi investigate a peewee coach''s death; Liv gives Major a pep talk; Blaine and Ravi work together on the cure; Suzuki''s widow visits Babineaux. ',	3600,	'2019-02-01 00:00:00',	'2019-01-01 00:00:00',	5,	7,	2,	5),
(70,	'Cape Town',	'Mr. Boss is in the picture as Liv gets super-hero brains. Major gets some real insight into zombie functioning. Ravi gets more desperate to find a cure for zombies. ',	3600,	'2019-02-01 00:00:00',	'2019-01-01 00:00:00',	5,	7,	2,	9),
(72,	'1:23:45',	'Plant workers and firefighters put their lives on the line to control a catastrophic April 1986 explosion at a Soviet nuclear power plant. ',	3600,	'2019-02-01 00:00:00',	'2019-01-01 00:00:00',	5,	9,	1,	1),
(73,	'Please Remain Calm',	'With untold millions at risk, Ulana makes a desperate attempt to reach Valery and warn him about the threat of a second explosion. ',	3600,	'2019-02-01 00:00:00',	'2019-01-01 00:00:00',	5,	9,	1,	2),
(74,	'Open Wide, O Earth',	'Valery creates a detailed plan to decontaminate Chernobyl; Lyudmilla ignores warnings about her firefighter husband''s contamination. ',	3600,	'2019-02-01 00:00:00',	'2019-01-01 00:00:00',	5,	9,	1,	3),
(122,	'The Boy in the Iceberg',	'The legend of the Avatar is told. Katara and Sokka find a strange boy within an iceberg. ',	3600,	NULL,	NULL,	5,	18,	1,	1),
(131,	'Jet',	'ested by a charismatic Rebel Leader who is fighting against the Fire Nation. ',	30,	NULL,	NULL,	5,	18,	1,	10),
(140,	'The World the Girl Saw: The Struggle for Trost, Part 2',	'Armin tries to cope with the loss of his friends and allies after Titans massacre his squad. Elsewhere in the city, Mikasa manages to take out several of the monsters, which brings back tragic memories of her past and the first time she met Eren. ',	60,	NULL,	NULL,	5,	20,	1,	6),
(149,	'Kemono no Kyojin',	'Coupled with the military''s cover-up of a previous incident, the shocking discovery inside the wall causes a stir. Elsewhere, while the new Scout recruits are held for observation, a surprising threat appears. ',	60,	NULL,	NULL,	5,	20,	2,	1),
(158,	'Kodomo-tachi',	'The Scouts arrive inside the forest while Reiner, Bertholdt and their captives start to move away. Ymir''s past is revealed. ',	60,	NULL,	NULL,	5,	20,	2,	10),
(167,	'Tenker alltid det er meg det er noe galt med',	'After kissing Christoffer on Halloween Eva feels guilty, and asks Isak for counsel. Noora wants Vilde to stand up for herself and stop caring for William after he started ignoring her for other girls. ',	60,	NULL,	NULL,	5,	21,	1,	7),
(175,	'Mark Makes a Friend',	'Mark begins to forge a partnership with his idol, business guru Alan Johnson, and begins to change his behaviour to be more like Johnson. Meanwhile, a displeased Jeremy tries to think back to "the bad thing" he did with Super Hans in a drug-heavy weekend.',	60,	NULL,	NULL,	5,	22,	1,	4),
(56,	'Brother, Can You Spare a Brain?',	'Liv and Clive work together to solve the mysterious death of a well known painter. ',	3600,	'2019-02-01 00:00:00',	'2019-01-01 00:00:00',	5,	7,	1,	2),
(60,	'Virtual Reality Bites',	'Liv inherits agoraphobia -- and computer gaming skills -- after eating a hacker''s brain. ',	3600,	'2019-02-01 00:00:00',	'2019-01-01 00:00:00',	5,	7,	1,	6),
(64,	'Real Dead Housewife of Seattle',	'Liv eats the brains of a trophy wife who was pushed to her death from her home''s balcony by a hired hit man; Liv and Ravi discover Peyton is back in Seattle. ',	3600,	'2019-02-01 00:00:00',	'2019-01-01 00:00:00',	5,	7,	2,	3),
(68,	'Abra Cadaver',	'When a macabre celebrity magician is killed while attending a magic conference, Liv must eat his brain to figure out which of his many rivals or detractors killed him.',	3600,	'2019-02-01 00:00:00',	'2019-01-01 00:00:00',	5,	7,	2,	7),
(15,	'The North Remembers',	'Tyrion arrives at King''s Landing to take his father''s place as Hand of the King. Stannis Baratheon plans to take the Iron Throne for his own. Robb tries to decide his next move in the war. The Night''s Watch arrive at the house of Craster. ',	60,	'2019-02-01 00:00:00',	'2019-01-01 00:00:00',	5,	6,	2,	1),
(7,	'Lord Snow',	'Jon begins his training with the Night''s Watch; Ned confronts his past and future at King''s Landing; Daenerys finds herself at odds with Viserys.',	60,	'2019-02-01 00:00:00',	'2019-01-01 00:00:00',	5,	6,	1,	3),
(8,	'Cripples, Bastards, and Broken Things',	'Eddard investigates Jon Arryn''s murder. Jon befriends Samwell Tarly, a coward who has come to join the Night''s Watch. ',	60,	'2019-02-01 00:00:00',	'2019-01-01 00:00:00',	5,	6,	1,	4),
(123,	'The Avatar Returns',	'Aang and Katara inadvertently set off a trap the brings the warmongering Fire Nation to the Southern Water Tribe''s peaceful village at the South Pole. ',	30,	NULL,	NULL,	5,	18,	1,	2),
(132,	'Pilot',	'A mobster passes out at a family barbecue and seeks therapy to understand why. ',	3600,	NULL,	NULL,	5,	19,	1,	1),
(141,	'Small Blade: The Struggle for Trost, Part 3',	'After the retreat bell sounds, many cadets find themselves without enough fuel to scale the wall back to safety.',	60,	NULL,	NULL,	5,	20,	1,	7),
(150,	'Tadaima',	'After the titans appear inside Wall Rose, Eren, Mikasa and Levi head to help the recruits from the 104th Cadet Corps who are scattered across the land to warn the people. Sasha returns to her hometown to safeguard it and comes face to face with her past. ',	60,	NULL,	NULL,	5,	20,	2,	2),
(159,	'Totsugeki',	'While the recruits attempt to reason with Bertholdt, Commander Erwin charges forth in a desperate strategy to topple the Armored Titan. ',	60,	NULL,	NULL,	5,	20,	2,	11),
(168,	'Hele skolen hater meg',	'Everyone knows about what happened on Halloween, and the entire school is gossiping about Eva. Jonas won''t talk to her and on top of things Vilde finds out about her past. William starts to show interest for Noora. ',	60,	NULL,	NULL,	5,	21,	1,	8),
(176,	'Dream Job',	'Mark is angry at Sophie when she gets promoted for a job instead of him, when she told him she wasn''t going to apply for it.',	60,	NULL,	NULL,	5,	22,	1,	5),
(57,	'The Exterminator',	'Liv and Babineaux learn the victim in a hit and run was the killer in one of Peyton''s cases. ',	3600,	'2019-02-01 00:00:00',	'2019-01-01 00:00:00',	5,	7,	1,	3),
(61,	'Maternity Liv',	'When a pregnant woman dies, Liv develops a strong maternal instinct from eating her brain. ',	3600,	'2019-02-01 00:00:00',	'2019-01-01 00:00:00',	5,	7,	1,	7),
(65,	'Even Cowgirls Get the Black and Blues',	'During an investigation, Liv consumes the brain of a country-singing waitress; Blaine tries to reunite with a former business associate; Ravi is thrown by Peyton''s return; Major''s downward spiral continues. ',	3600,	'2019-02-01 00:00:00',	'2019-01-01 00:00:00',	5,	7,	2,	4),
(69,	'The Hurt Stalker',	'Babineaux arrives at a crime scene only to discover the murder victim was an ex of his who had been stalking him, making him the primary suspect; Major struggles to deal with Liv on stalker brains. ',	3600,	'2019-02-01 00:00:00',	'2019-01-01 00:00:00',	5,	7,	2,	8),
(9,	'The Wolf and the Lion',	'Catelyn has captured Tyrion and plans to bring him to her sister, Lysa Arryn, at the Vale, to be tried for his, supposed, crimes against Bran. Robert plans to have Daenerys killed, but Eddard refuses to be a part of it and quits. ',	60,	'2019-02-01 00:00:00',	'2019-01-01 00:00:00',	5,	6,	1,	5),
(10,	'A Golden Crown',	'While recovering from his battle with Jaime, Eddard is forced to run the kingdom while Robert goes hunting. Tyrion demands a trial by combat for his freedom. Viserys is losing his patience with Drogo. ',	60,	'2019-02-01 00:00:00',	'2019-01-01 00:00:00',	5,	6,	1,	6),
(28,	'And Now His Watch Is Ended',	'Jaime mopes over his lost hand. Cersei is growing uncomfortable with the Tyrells. The Night''s Watch is growing impatient with Craster. Daenerys buys the Unsullied. ',	60,	'2019-02-01 00:00:00',	'2019-01-01 00:00:00',	5,	6,	3,	4),
(124,	'The Southern Air Temple',	'After his departure from the Southern Air Temple 100 years ago, an excited Aang finally returns home but is disillusioned by what he finds there. ',	30,	NULL,	NULL,	5,	18,	1,	3),
(133,	'46 Long',	'Tony is getting fed up with his mother. Brendan Filone acts against Tony''s wishes. Salvatore and Paulie try to track down A.J.''s teacher''s stolen car. ',	60,	NULL,	NULL,	5,	19,	1,	2),
(142,	'I Can Hear His Heartbeat: The Struggle for Trost, Part 4',	'Armin comes up with a risky plan that pits Titan against Titan as the abandoned Cadets attempt to take back their headquarters.',	60,	NULL,	NULL,	5,	20,	1,	8),
(151,	'Nansei e',	'After evacuating nearby villages, the Scouts begin to search for the hole in Wall Rose. After searching for hours in the night, they seek shelter at a castle ruins. Meanwhile, Eren and the others arrive at Ehrmich District.',	60,	NULL,	NULL,	5,	20,	2,	3),
(160,	'Sakebi',	'Eren encounters the very Titan that devoured his mother. Unable to move his body, Hannes steps in to protect him. Not knowing what to brandish their swords against, the Scouts battle on. ',	60,	NULL,	NULL,	5,	20,	2,	12),
(169,	'Man er det man gjør',	'Eva gets a threatening letter, and Vilde decides to leave the bus crew. Eva is thinking about changing to another school, while trying to find out who wrote the letter. ',	60,	NULL,	NULL,	5,	21,	1,	9),
(177,	'Funeral',	'Jeremy''s uncle dies from terminal illness, providing the perfect opportunity for Mark to ask Sophie to be his date to the funeral. Jeremy finds out his uncle died from a hereditary illness and worries that he might have it.',	60,	NULL,	NULL,	5,	22,	1,	6),
(125,	'The Warriors of Kyoshi',	'The gang arrives at Kyoshi Island and are captured by some Kyoshi warriors. When Aang reveals that he is the avatar, news quickly spreads out and suddenly reaches to Prince Zuko who then goes to Kyoshi Island to capture him. ',	3600,	NULL,	NULL,	5,	18,	1,	4),
(134,	'Denial, Anger, Acceptance',	'ony encourages an unwanted son-in-law to divorce, Carmela learns another secret of Tony''s, Meadow experiments with speed to study for the SATs, and Chris and Brendan find out the price of disrespecting Junior. ',	60,	NULL,	NULL,	5,	19,	1,	3),
(143,	'Whereabouts of His Left Arm: The Struggle for Trost, Part 5',	'A miraculous return is met with anger and fear. Cannons are fixed on Eren as he struggles to remember what happened to him inside the belly of a monster and how he ended up humankind''s enemy.',	60,	NULL,	NULL,	5,	20,	1,	9),
(152,	'Heishi',	'When the Scouts are overwhelmed by the Titan assault on the castle, the unarmed recruits'' hope for survival may lie in a promise and secret. ',	60,	NULL,	NULL,	5,	20,	2,	4),
(161,	'Du ser ut som en slut',	'Eva is her first year at school and has fallen out with her old friends Ingrid and Sara. She only knows her boyfriend Jonas and his friend Isak at school. She gets convinced to go to school party, where she meets several new people. ',	60,	NULL,	NULL,	5,	21,	1,	1),
(170,	'Jeg tenker at du har blitt helt psyko',	'The girls start to get worried something is wrong with Vilde. Eva talks with Jonas after not talking for a long time. The girls go to a Christmas party, and Eva decides to confront Isak. ',	60,	NULL,	NULL,	5,	21,	1,	10),
(178,	'Boston',	'In the wake of the Genoa debacle, the team decides to use caution in reporting a major breaking story. Neal is contacted by an anonymous source in possession of stolen government documents; Sloan looks to solve a takeover puzzle. ',	60,	NULL,	NULL,	5,	23,	3,	1),
(39,	'Gray Matter',	'Walt rejects everyone who tries to help him with the cancer. Jesse tries his best to create Walt''s meth, with the help of an old friend. ',	3600,	'2019-02-01 00:00:00',	'2019-01-01 00:00:00',	5,	8,	1,	5),
(40,	'Crazy Handful of Nothin''',	'With the side effects and cost of his treatment mounting, Walt demands that Jesse finds a wholesaler to buy their drugs, which lands him in trouble. ',	3600,	'2019-02-01 00:00:00',	'2019-01-01 00:00:00',	5,	8,	1,	6),
(41,	'A No-Rough-Stuff-Type Deal',	'Walt and Jesse try to up their game by making more of the crystal every week for Tuco. Unfortunately, some of the ingredients they need are not easy to find. Meanwhile, Skyler realizes that her sister is a shoplifter. ',	3600,	'2019-02-01 00:00:00',	'2019-01-01 00:00:00',	5,	8,	1,	7),
(42,	'Seven Thirty-Seven',	'Walt and Jesse realize how dire their situation is. They must come up with a plan to kill Tuco before Tuco kills them first. ',	3600,	'2019-02-01 00:00:00',	'2019-01-01 00:00:00',	5,	8,	2,	1),
(43,	'Grilled',	'Walt''s disappearance is met with investigation by both his wife and Hank, as Tuco Salamanca intends to leave town with his kidnapped cooks. ',	3600,	'2019-02-01 00:00:00',	'2019-01-01 00:00:00',	5,	8,	2,	2),
(44,	'Bit by a Dead Bee',	'Walt and Jesse try to come up with alibis for their disappearances. ',	3600,	'2019-02-01 00:00:00',	'2019-01-01 00:00:00',	5,	8,	2,	3),
(45,	'Down',	'Skyler keeps mysteriously leaving without talking to Walt. Jesse''s parents throw him out of his own house. ',	3600,	'2019-02-01 00:00:00',	'2019-01-01 00:00:00',	5,	8,	2,	4),
(46,	'Breakage',	'Walt and Jesse decide to start their own little empire with the help of Jesse''s friends: Skinny Pete, Combo, and Badger. Meanwhile, Hank tries to pull himself together after his encounter with Tuco. ',	3600,	'2019-02-01 00:00:00',	'2019-01-01 00:00:00',	5,	8,	2,	5),
(47,	'Peekaboo',	'After Skinny Pete gets ripped off, Walt makes Jesse go get the money. Meanwhile, Walt''s cover story on how Elliott and Gretchen are paying for his medical treatment is on the verge of collapsing. ',	3600,	'2019-02-01 00:00:00',	'2019-01-01 00:00:00',	5,	8,	2,	6),
(48,	'Negro Y Azul',	'Rumor is spreading that Jesse killed the man that ripped Skinny Pete off. Walt uses this to his advantage on expanding their territory. Meanwhile, Hank has been promoted to the El Paso office. But it''s not all he hoped it would be. ',	3600,	'2019-02-01 00:00:00',	'2019-01-01 00:00:00',	5,	8,	2,	7),
(49,	'Better Call Saul',	'Badger is caught by the DEA. Walt and Jesse hire the best criminal lawyer in town, Saul Goodman. ',	3600,	'2019-02-01 00:00:00',	'2019-01-01 00:00:00',	5,	8,	2,	8),
(51,	'Over',	'Walt''s cancer has greatly improved. Time to celebrate. Meanwhile Jesse tries to meet his new girlfriend''s father. ',	3600,	'2019-02-01 00:00:00',	'2019-01-01 00:00:00',	5,	8,	2,	10),
(52,	'Mandala',	'Walt and Jesse''s little empire begins to crumble. Saul tries to set them up with a mysterious distributor. ',	3600,	'2019-02-01 00:00:00',	'2019-01-01 00:00:00',	5,	8,	2,	11),
(104,	'Undertow',	'Weak product in the pit has Bodie getting heat. ',	3600,	'2019-02-01 00:00:00',	'2019-01-01 00:00:00',	5,	12,	2,	5),
(80,	'Grasslands',	'Grasslands cover one quarter of all land and support the vast gatherings of wildlife, but to survive here animals must endure the most hostile seasonal changes on the planet. From Asia''s bizarre-looking saiga antelope to the giant anteaters.',	3600,	'2019-02-01 00:00:00',	'2019-01-01 00:00:00',	5,	10,	1,	5),
(126,	'The King of Omashu',	'Aang''s abilities as an airbender are challenged by a king. ',	30,	NULL,	NULL,	5,	18,	1,	5),
(135,	'Nisen-nengo no Kimi e: Shiganshina Kanraku (1)',	'For over a century, humans have been living in settlements surrounded by gigantic walls, which prevent the Titans, giant humanoid creatures who eat humans, from entering. Young Eren Yeager wishes to see the outside world by joining the Recon Corps.',	60,	NULL,	NULL,	5,	20,	1,	1),
(144,	'Response: The Struggle for Trost, Part 6',	'Cadets respond to Eren''s terrifying transformation with doubt and fear as he struggles to understand it himself. If Armin can''t talk the commander into using Eren''s newfound powers for the good of humankind, all hope of stopping the Titans might be lost. ',	60,	NULL,	NULL,	5,	20,	1,	10),
(153,	'Historia',	'Utgard Castle comes crumbling down as Ymir desperately battles the Titans. Now, Christa must fulfill the promise they made long ago during winter training. ',	60,	NULL,	NULL,	5,	20,	2,	5),
(162,	'Jonas, dette er helt dust',	'During fall holiday Eva, Jonas and Isak go on a cabin trip. Eva is annoyed because her boyfriend invited Isak along. The tension between them rises when she suspects Jonas is keeping secrets.',	60,	NULL,	NULL,	5,	21,	1,	2),
(171,	'Et jævlig dumt valg',	'Vilde reveals that she thinks she may be pregnant. William continues to flirt with Noora. Isak and Eva talk out, and Eva decides to have a heart-to-heart conversation with Jonas. ',	60,	NULL,	NULL,	5,	21,	1,	11),
(179,	'Run',	'While Rebecca must once again defend ACN during a possible lawsuit, Will tries to protect Neal from the aftermath of the DOD leak; Charlie and Leona deal with a hostile takeover; Sloan worries about Don''s involvement with insider information. ',	60,	NULL,	NULL,	5,	23,	12,	NULL),
(127,	'Imprisoned',	'In a nearby Earth Village, the gang meets a teenage earthbender named Haru. This village lives in fear of the Fire Nation, for soldiers there capture any earthbenders they can find. ',	30,	NULL,	NULL,	5,	18,	1,	6),
(136,	'That Day: The Fall of Shiganshina, Part 2',	'After the Titans break through the wall, the citizens of Shiganshina must run for their lives. Those that do make it to safety find a harsh life waiting for them, however.',	60,	NULL,	NULL,	5,	20,	1,	2),
(145,	'Icon: Battle of Trost District, Part 7',	'Plans are created to use Eren''s Titan powers to seal the hole in the wall in an attempt reclaim Trost. But with the government''s bloodstained history and vocal dissenters in the military ranks, the biggest threat to humankind may not be the Titans. ',	60,	NULL,	NULL,	5,	20,	1,	11),
(154,	'Senshi',	'Following the battle, the Scouts regroup atop the wall only to find more questions than answers. Before they leave for Trost to get medical attention, Reiner must fulfill what he came to do. ',	60,	NULL,	NULL,	5,	20,	2,	6),
(163,	'Vi er de største loserne på skolen',	'Back at school Eva befriends Noora in her Spanish class. They and Sana gets invited by Vilde and Chris to join them in getting a bus for the graduation celebration when they become "russ" in three years.',	60,	NULL,	NULL,	5,	21,	1,	3),
(172,	'Warring Factions',	'Mark and Jeremy compete for the attentions of their attractive neighbor Toni.',	60,	NULL,	NULL,	5,	22,	1,	1),
(180,	'Run',	'While Rebecca must once again defend ACN during a possible lawsuit, Will tries to protect Neal from the aftermath of the DOD leak; Charlie and Leona deal with a hostile takeover; Sloan worries about Don''s involvement with insider information. ',	60,	NULL,	NULL,	5,	23,	1,	2),
(82,	'Currahee',	'Easy Company goes through training under the leadership of a captain who relentlessly pushes them to their limits but may be limited as a leader in the field. ',	3600,	'2019-02-01 00:00:00',	'2019-01-01 00:00:00',	5,	11,	1,	1),
(83,	'Day of Days',	'Easy Company paratroopers jump behind enemy lines in Normandy on D-Day and struggle to reunite in hostile territory. ',	3600,	'2019-02-01 00:00:00',	'2019-01-01 00:00:00',	5,	11,	1,	2),
(137,	'A Dim Light Amid Despair: Humanity''s Comeback, Part 1',	'Eren begins his training with the Cadet Corps, but questions about his painful past overwhelm him. When he struggles with a maneuvering exercise, Berholt and Reiner offer kindly advice. ',	60,	NULL,	NULL,	5,	20,	1,	3),
(146,	'Wound: Battle of Trost District, Part 8',	'The plan to reclaim Trost falls apart when Eren''s newfound powers turn him into a mindless giant. As Titans continue to swarm the city, it''s up to Armin and Mikasa to make sure the cadets massacred during the mission haven''t died in vain. ',	60,	NULL,	NULL,	5,	20,	1,	12),
(155,	'Da Tou Kyou',	'With a new enemy revealed, Eren and the Scouts fight back using all the techniques at their disposal. However, the Armored and Colossal Titan have other plans in mind. ',	60,	NULL,	NULL,	5,	20,	2,	7),
(164,	'Go for it din lille slut',	'Sana and Vilde wants Eva to get in touch with Christoffer in the third year, to get them invited to a party with the third year boys, among them the most popular boy in school William. ',	60,	NULL,	NULL,	5,	21,	1,	4),
(75,	'The Happiness of All Mankind',	'Valery and Boris attempt to find solutions to removing the radioactive debris; Ulana attempts to find out the cause of the explosion. ',	3600,	'2019-02-01 00:00:00',	'2019-01-01 00:00:00',	5,	9,	1,	4),
(76,	'Islands',	'Wildlife documentary series with David Attenborough, beginning with a look at the remote islands which offer sanctuary to some of the planet''s rarest creatures. ',	3600,	'2019-02-01 00:00:00',	'2019-01-01 00:00:00',	5,	10,	1,	1),
(77,	'Mountains',	'The wildlife documentary series with David Attenborough continues with a unique and intimate glimpse into secretive lives of mountain-dwelling animals. ',	3600,	'2019-02-01 00:00:00',	'2019-01-01 00:00:00',	5,	10,	1,	2),
(78,	'Jungles',	'Jungles provide the richest habitats on the planet - mysterious worlds of high drama where extraordinary animals attempt to survive in the most competitive place on earth.',	3600,	'2019-02-01 00:00:00',	'2019-01-01 00:00:00',	5,	10,	1,	3),
(79,	'Deserts',	'The world''s deserts force animals to come up with ingenious ways of coping with hostile conditions, giving rise to the most incredible survival stories on earth. ',	3600,	'2019-02-01 00:00:00',	'2019-01-01 00:00:00',	5,	10,	1,	4),
(81,	'Cities',	'Cities are the newest habitat on Planet Earth. The series documents the wildlife in our cities. ',	3600,	'2019-02-01 00:00:00',	'2019-01-01 00:00:00',	5,	10,	1,	6),
(11,	'You Win or You Die',	'Robert has been injured while hunting and is dying. Jon and the others finally take their vows to the Night''s Watch. A man, sent by Robert, is captured for trying to poison Daenerys. Furious, Drogo vows to attack the Seven Kingdoms. ',	60,	'2019-02-01 00:00:00',	'2019-01-01 00:00:00',	5,	6,	1,	7),
(12,	'The Pointy End',	'The Lannisters press their advantage over the Starks; Robb rallies his father''s northern allies and heads south to war; The White Walkers attack the Wall; Tyrion returns to his father with some new friends. ',	60,	'2019-02-01 00:00:00',	'2019-01-01 00:00:00',	5,	6,	1,	8),
(13,	'Baelor',	'Robb goes to war against the Lannisters. Jon finds himself struggling on deciding if his place is with Robb or the Night''s Watch. Drogo has fallen ill from a fresh battle wound. Daenerys is desperate to save him. ',	60,	'2019-02-01 00:00:00',	'2019-01-01 00:00:00',	5,	6,	1,	9),
(14,	'Fire and Blood',	'Robb vows to get revenge on the Lannisters. Jon must officially decide if his place is with Robb or the Night''s Watch. Daenerys says her final goodbye to Drogo. ',	60,	'2019-02-01 00:00:00',	'2019-01-01 00:00:00',	5,	6,	1,	10),
(16,	'The Night Lands',	'Arya makes friends with Gendry. Tyrion tries to take control of the Small Council. Theon arrives at his home, Pyke, in order to persuade his father into helping Robb with the war. Jon tries to investigate Craster''s secret. ',	60,	'2019-02-01 00:00:00',	'2019-01-01 00:00:00',	5,	6,	2,	2),
(17,	'What Is Dead May Never Die',	'Tyrion tries to see who he can trust in the Small Council. Catelyn visits Renly to try and persuade him to join Robb in the war. Theon must decide if his loyalties lie with his own family or with Robb. ',	60,	'2019-02-01 00:00:00',	'2019-01-01 00:00:00',	5,	6,	2,	3),
(18,	'Garden of Bones',	'Lord Baelish arrives at Renly''s camp just before he faces off against Stannis. Daenerys and her company are welcomed into the city of Qarth. Arya, Gendry, and Hot Pie find themselves imprisoned at Harrenhal. ',	60,	'2019-02-01 00:00:00',	'2019-01-01 00:00:00',	5,	6,	2,	4),
(19,	'The Ghost of Harrenhal',	'Tyrion investigates a secret weapon that King Joffrey plans to use against Stannis. Meanwhile, as a token for saving his life, Jaqen H''ghar offers to kill three people that Arya chooses. ',	60,	'2019-02-01 00:00:00',	'2019-01-01 00:00:00',	5,	6,	2,	5),
(20,	'The Old Gods and the New',	'Theon seizes control of Winterfell. Jon captures a wildling, named Ygritte. The people of King''s Landing begin to turn against King Joffrey. Daenerys looks to buy ships to sail for the Seven Kingdoms. ',	60,	'2019-02-01 00:00:00',	'2019-01-01 00:00:00',	5,	6,	2,	6),
(21,	'A Man Without Honor',	'Bran and Rickon have escaped Winterfell. Theon tries to hunt them down. Daenerys'' dragons have been stolen. Jon travels through the wilderness with Ygritte as his prisoner. Sansa has bled and is now ready to have Joffrey''s children.',	60,	'2019-02-01 00:00:00',	'2019-01-01 00:00:00',	5,	6,	2,	7),
(22,	'The Prince of Winterfell',	'Stannis is just days from King''s Landing. Tyrion prepares for his arrival. Jon and Qhorin are taken prisoner by the wildlings. Catelyn is arrested for releasing Jaime. Arya, Gendry, and Hot Pie plan to escape from Harrenhal. ',	60,	'2019-02-01 00:00:00',	'2019-01-01 00:00:00',	5,	6,	2,	8),
(23,	'Blackwater',	'Stannis Baratheon''s fleet and army arrive at King''s Landing and the battle for the city begins. Cersei plans for her and her children''s future. ',	60,	'2019-02-01 00:00:00',	'2019-01-01 00:00:00',	5,	6,	2,	9),
(24,	'Valar Morghulis',	'Joffrey puts Sansa aside for Margaery Tyrell. Robb marries Talisa Maegyr. Jon prepares to meet Mance Rayder. Arya says farewell to Jaqen H''ghar. Daenerys tries to rescue her dragons. ',	60,	'2019-02-01 00:00:00',	'2019-01-01 00:00:00',	5,	6,	2,	10),
(25,	'Valar Dohaeris',	'Jon is brought before Mance Rayder, the King Beyond the Wall, while the Night''s Watch survivors retreat south. In King''s Landing, Tyrion asks for his reward. Littlefinger offers Sansa a way out. ',	60,	'2019-02-01 00:00:00',	'2019-01-01 00:00:00',	5,	6,	3,	1),
(26,	'Dark Wings, Dark Words',	'Bran and company meet Jojen and Meera Reed. Arya, Gendry, and Hot Pie meet the Brotherhood. Jaime travels through the wilderness with Brienne. Sansa confesses her true feelings about Joffery to Margaery. ',	60,	'2019-02-01 00:00:00',	'2019-01-01 00:00:00',	5,	6,	3,	2),
(6,	'The Kingsroad',	'While Bran recovers from his fall, Ned takes only his daughters to King''s Landing. Jon Snow goes with his uncle Benjen to the Wall. Tyrion joins them. ',	60,	'2019-02-01 00:00:00',	'2019-01-01 00:00:00',	5,	6,	1,	2),
(5,	'Winter Is Coming',	'Eddard Stark is torn between his family and an old friend when asked to serve at the side of King Robert Baratheon; Viserys plans to wed his sister to a nomadic warlord in exchange for an army. ',	60,	'2019-02-01 00:00:00',	'2019-01-01 00:00:00',	5,	6,	1,	1),
(27,	'Walk of Punishment',	'Robb and Catelyn arrive at Riverrun for Lord Hoster Tully''s funeral. Tywin names Tyrion the new Master of Coin. Arya says goodbye to Hot Pie. The Night''s Watch returns to Craster''s. Brienne and Jaime are taken prisoner. ',	60,	'2019-02-01 00:00:00',	'2019-01-01 00:00:00',	5,	6,	3,	3),
(29,	'Kissed by Fire',	'Robb''s army is falling apart. Jaime reveals a story, to Brienne, that he has never told anyone. Jon breaks his vows. The Hound is granted his freedom. The Lannisters hatch a new plan. ',	60,	'2019-02-01 00:00:00',	'2019-01-01 00:00:00',	5,	6,	3,	5),
(30,	'The Climb',	'Jon and the wildlings scale the Wall. The Brotherhood sells Gendry to Melisandre. Robb does what he can to win back the Freys. Tyrion tells Sansa about their engagement. ',	60,	'2019-02-01 00:00:00',	'2019-01-01 00:00:00',	5,	6,	3,	6),
(31,	'The Bear and the Maiden Fair',	'Jon and the wildlings travel south of the Wall. Talisa tells Robb that she''s pregnant. Arya runs away from the Brotherhood. Daenerys arrives at Yunkai. Jaime leaves Brienne behind at Harrenhal. ',	60,	'2019-02-01 00:00:00',	'2019-01-01 00:00:00',	5,	6,	3,	7),
(32,	'Second Sons',	'Daenerys tries to persuade the Second Sons to join her against Yunkai. Stannis releases Davos from the dungeons. Sam and Gilly are attacked by a White Walker. Sansa and Tyrion wed. ',	60,	'2019-02-01 00:00:00',	'2019-01-01 00:00:00',	5,	6,	3,	8),
(33,	'The Rains of Castamere',	'Robb and Catelyn arrive at the Twins for the wedding. Jon is put to the test to see where his loyalties truly lie. Bran''s group decides to split up. Daenerys plans an invasion of Yunkai. ',	60,	'2019-02-01 00:00:00',	'2019-01-01 00:00:00',	5,	6,	3,	9),
(34,	'Mhysa',	'Bran and company travel beyond the Wall. Sam returns to Castle Black. Jon says goodbye to Ygritte. Jaime returns to King''s Landing. The Night''s Watch asks for help from Stannis. ',	60,	'2019-02-01 00:00:00',	'2019-01-01 00:00:00',	5,	6,	3,	10),
(35,	'Pilot',	'Diagnosed with terminal lung cancer, chemistry teacher Walter White teams up with his former student, Jesse Pinkman, to cook and sell crystal meth. ',	3600,	'2019-02-01 00:00:00',	'2019-01-01 00:00:00',	5,	8,	1,	1),
(36,	'Cat''s in the Bag...',	'After their first drug deal goes terribly wrong, Walt and Jesse are forced to deal with a corpse and a prisoner. Meanwhile, Skyler grows suspicious of Walt''s activities.',	3600,	'2019-02-01 00:00:00',	'2019-01-01 00:00:00',	5,	8,	1,	2),
(37,	'...And the Bag''s in the River',	'As Jesse struggles to sell the meth he and Walter made, the chemistry teacher faces his own dilemmas, such as hiding his cancer from his wife and deciding what to do with Jesse''s prisoner Krazy-8. ',	3600,	'2019-02-01 00:00:00',	'2019-01-01 00:00:00',	5,	8,	1,	3),
(38,	'Cancer Man',	'Walt tells the rest of his family about his cancer. Jesse tries to make amends with his own parents. ',	3600,	'2019-02-01 00:00:00',	'2019-01-01 00:00:00',	5,	8,	1,	4),
(53,	'Phoenix',	'Walt and Skyler have a baby girl. Now that Jesse is hooked on heroin, Walt refuses to give him his money until he gets clean. Meanwhile, as an excuse for his money, Walt decides to donate the money to himself through his son''s new website. ',	3600,	'2019-02-01 00:00:00',	'2019-01-01 00:00:00',	5,	8,	2,	12),
(84,	'Carentan',	'Easy Company takes on German troops in the French town of Carentan, and the battle takes its toll on one soldier who is badly traumatized by the experience. ',	3600,	'2019-02-01 00:00:00',	'2019-01-01 00:00:00',	5,	11,	1,	3),
(85,	'Replacements',	'With the addition of many new men, Easy Company heads to Holland to participate in Operation Market Garden and prepare an Allied route into Germany, but they meet stiff German resistance. ',	3599,	'2019-02-01 00:00:00',	'2019-01-01 00:00:00',	5,	11,	1,	4),
(86,	'Crossroads',	'Winters writes a report on the challenge of an unexpected resistance to a German attack, and is haunted by his conscience after shooting a teenage German SS soldier. ',	3600,	'2019-02-01 00:00:00',	'2019-01-01 00:00:00',	5,	11,	1,	5),
(87,	'Bastogne',	'It''s Christmas 1944, and the 101st is surrounded by Germans in the forest outside of Bastogne with a lack of supplies in bitter cold and snow.',	3600,	'2019-02-01 00:00:00',	'2019-01-01 00:00:00',	5,	11,	1,	6),
(88,	'The Breaking Point',	'Easy Company remains in the Ardennes Forest preparing for an inevitable attack on German forces in the town of Foy. However, morale is low due to cold weather, constant shelling, poor leadership, and numerous casualties. ',	3600,	'2019-02-01 00:00:00',	'2019-01-01 00:00:00',	5,	11,	1,	7),
(89,	'The Last Patrol',	'Easy Company is in Hagenau in Feburary 1945, where they prepare for a night patrol mission to capture German prisoners. The patrol includes one veteran who is despised for missing Bastogne and a new lieutenant fresh out of West Point. ',	3600,	'2019-02-01 00:00:00',	'2019-01-01 00:00:00',	5,	11,	1,	8),
(90,	'Why We Fight',	'As the Allies move into Germany and the war comes closer to an end, disillusionment and anger set in for Easy Company - until they stumble onto a concentration camp abandoned by the German military.',	3600,	'2019-02-01 00:00:00',	'2019-01-01 00:00:00',	5,	11,	1,	9),
(91,	'Points',	'As the Germans surrender, it appears that the hard days for Easy Company are over as they are stationed in Austria. But they soon learn that those solders without enough service points will be sent to fight in Japan. ',	3600,	'2019-02-01 00:00:00',	'2019-01-01 00:00:00',	5,	11,	1,	10),
(92,	'The Target',	'altimore Det. Jimmy McNulty finds himself in hot water with his superior Major William Rawls after a drug dealer, D''Angelo Barksdale who is charged with three murders, is acquitted. ',	3600,	'2019-02-01 00:00:00',	'2019-01-01 00:00:00',	5,	12,	1,	1),
(93,	'The Detail',	'Lt. Daniels puts his team together but the extra help he''s asked includes several less than stellar officers. It also includes McNulty, who is obviously in the doghouse.',	3600,	'2019-02-01 00:00:00',	'2019-01-01 00:00:00',	5,	12,	1,	2),
(94,	'The Buys',	'After two weeks on the job, the team still doesn''t have a photo of their principal target, Avon Barksdale. Freamon has a solution when he hears Avon was a Gold Gloves boxer. ',	3600,	'2019-02-01 00:00:00',	'2019-01-01 00:00:00',	5,	12,	1,	3),
(95,	'Old Cases',	'Bodie walks out of detention pretending to be a janitor but Patty is recovering in hospital and is pleased that his injuries will result in a medical pension.',	3600,	'2019-02-01 00:00:00',	'2019-01-01 00:00:00',	5,	12,	1,	4),
(96,	'The Pager',	'von Barksdale is becoming paranoid and thinks he''s being watched. He''s also worried his phone is being tapped. He also thinks there''s a snitch in D''Angelo''s crew and he''s told not to pay anyone until it''s sorted.',	3600,	'2019-02-01 00:00:00',	'2019-01-01 00:00:00',	5,	12,	1,	5),
(97,	'The Wire',	'Avon takes care of Omar''s man Brandon but Wallace, who saw Brandon in the arcade, isn''t too comfortable when he sees what they''ve done to him. ',	3600,	'2019-02-01 00:00:00',	'2019-01-01 00:00:00',	5,	12,	1,	6),
(98,	'One Arrest',	'Burrell reluctantly sides with Daniels in the disagreement with Rawls, giving the detail more time to make a case against Avon, despite his fears the operation is beginning to sprawl.',	3600,	'2019-02-01 00:00:00',	'2019-01-01 00:00:00',	5,	12,	1,	7),
(99,	'Ebb Tide',	'Detective Jimmy McNulty finds the body of a woman floating in the water while carrying out his new assignment of Harbor Patrol.',	3600,	'2019-02-01 00:00:00',	'2019-01-01 00:00:00',	5,	12,	2,	1),
(101,	'Collateral Damage',	'Major Valchek gets back at Sobotka for the church gift fiasco, and a feud begins. Avon Barksdale continues to run his empire from a prison cell.',	3600,	'2019-02-01 00:00:00',	'2019-01-01 00:00:00',	5,	12,	2,	2),
(102,	'Hot Shots',	'Lt Cedric Daniels lets it be known he is going to leave the department. McNulty pursues the identity of the Jane Doe found floating in the harbor. ',	3600,	'2019-02-01 00:00:00',	'2019-01-01 00:00:00',	5,	12,	2,	3),
(103,	'Hard Cases',	'McNulty goes on a self-assigned moral mission to identify his floater, but his old partner, Bunk, says they have more pressing matter at hand: finding Omar to testify against a Barksdale trigger man in one of last year''s murders.',	3600,	'2019-02-01 00:00:00',	'2019-01-01 00:00:00',	5,	12,	2,	4),
(105,	'A New Germany: 1933-1939',	'Program chronicles the draconian measures taken by Adolf Hitler to become absolute dictator of Germany and begin his domination of Europe. ',	3600,	'2019-02-01 00:00:00',	'2019-01-01 00:00:00',	5,	16,	1,	1),
(106,	'Distant War: September 1939-May 1940',	'France and Great Britain enter World War 2 following Germany''s invasion of Poland. But with the exception of its navy Britain is rather uncertain how to prepare. After a failed operation in Norway lead by Churchill, Chamberlain is, ironically.',	3600,	'2019-02-01 00:00:00',	'2019-01-01 00:00:00',	5,	16,	1,	2),
(107,	'France Falls: May-June 1940',	'As their forces invade Northern Europe German strategists capitalize time and again on French preconceptions confounding French defenses. ',	3600,	'2019-02-01 00:00:00',	'2019-01-01 00:00:00',	5,	16,	1,	3),
(108,	'Alone: May 1940-May 1941',	'In the end of May 1940, when the last French cities are captured by the Germans, half a million British and French soldiers retreat to the last channel port still open to them: Dunkerque. ',	3600,	'2019-02-01 00:00:00',	'2019-01-01 00:00:00',	5,	16,	1,	4),
(109,	'Barbarossa: June-December 1941',	'Following the conquest of France Hitler, almost casually by blitzkrieg standards, turn his eyes toward Russia. ',	3600,	'2019-02-01 00:00:00',	'2019-01-01 00:00:00',	5,	16,	1,	5),
(110,	'Banzai! Japan: 1931-1942',	'Following Japan''s conquest of eastern Asia the Allies finally respond with sanctions. They prove so threatening to Japan that it prepares to conquer Southeast Asia to secure the resources it needs.',	3600,	'2019-02-01 00:00:00',	'2019-01-01 00:00:00',	5,	16,	1,	6),
(111,	'On Our Way: U.S.A. - 1939-1942',	'Although those in the know figured it was just a matter of time, the United States only reluctantly participated in World War 2.',	3600,	'2019-02-01 00:00:00',	'2019-01-01 00:00:00',	5,	16,	1,	7),
(112,	'The Desert: North Africa - 1940-1943',	'In 1940 Mussolini deploys a massive army to invade British held Egypt, to capture the Suez Canal and most of all to establish an Italian empire to rival Germany''s.',	3600,	'2019-02-01 00:00:00',	'2019-01-01 00:00:00',	5,	16,	1,	8),
(113,	'Stalingrad: June 1942-February 1943',	'Germany is dealt a crushing defeat when the Russians'' stubborn defense of Stalingrad delays the German offensive giving the Russians time to mass their forces for a counter attack that surrounds then destroys the German Sixth.',	3600,	'2019-02-01 00:00:00',	'2019-01-01 00:00:00',	5,	16,	1,	9),
(114,	'Wolf Pack: U-Boats in the Atlantic - 1939-1944',	'For three years German u-boats ravage transatlantic convoys. Despite the critical need for the supplies and materiel British leadership give scant attention to the matter for two years.',	3600,	'2019-02-01 00:00:00',	'2019-01-01 00:00:00',	5,	16,	1,	10),
(115,	'Red Star: The Soviet Union - 1941-1943',	'Bent on fulfilling Hilter''s policy of colonizing Russia, German forces invade subjecting inhabitants of occupied lands to servitude or death.',	3600,	'2019-02-01 00:00:00',	'2019-01-01 00:00:00',	5,	16,	1,	11),
(116,	'Whirlwind: Bombing Germany - September 1939-April 1944',	'While the British continue to rely on night bombing the American forces attempt to use more dangerous but more precise daylight bombing to interdict German military production and crush the national will. ',	3600,	'2019-02-01 00:00:00',	'2019-01-01 00:00:00',	5,	16,	1,	12),
(129,	'Avatar Roku: Winter Solstice, Part 2',	'To contact the spirit of the previous Avatar, Aang must reach a temple in the Fire Nation before the sun sets on the following day. There he will learn what he must do to restore balance to the world. Zuko must defy his banishment to follow Aang. ',	30,	NULL,	NULL,	5,	18,	1,	8),
(138,	'The Night of the Closing Ceremony: Humanity''s Comeback, Part 2',	'Annie proves her skill in a sparring session, Jan dreams of serving alongside the King, and graduation day brings shocking revelations - along with a sudden outbreak of violence. ',	60,	NULL,	NULL,	5,	20,	1,	4),
(147,	'Primal Desires: Battle of Trost District, Part 9',	'Jean manages to get another Maneuver Gear from a dead soldier and escape thanks to Annie, Connie, and Marco distracting the Titans. ',	60,	NULL,	NULL,	5,	20,	1,	13),
(156,	'Ou Mono',	'Without a way to pursue the Titans, the Scouts have no choice but to recuperate as they wait for reinforcements. But do they still have faith in Eren? ',	60,	NULL,	NULL,	5,	20,	2,	8),
(165,	'Hva er det som gjør deg kåt?',	'Eva invites Jonas for dinner to meet her mom. Vilde is falling for William, and the girls visits the school doctor to get contraceptives because Vilde has decided she wants to lose her virginity. ',	60,	NULL,	NULL,	5,	21,	1,	5),
(173,	'The Interview',	'ark wants Jeremy to get a job in the same office as him so he can pay his share of the rent, however Jeremy isn''t keen on the idea. Mark also worries whether Sophie, a co-worker he fancies, may or may not think he''s a Nazi.',	60,	NULL,	NULL,	5,	22,	1,	2),
(181,	'Main Justice',	'When the team attends the White House Correspondents'' Dinner in Washington, Mac makes an unexpected acquaintance and Will gets a surprise. ',	60,	NULL,	NULL,	5,	23,	1,	3);

DROP TABLE IF EXISTS "Comment";
DROP SEQUENCE IF EXISTS "Comment_id_seq";
CREATE SEQUENCE "Comment_id_seq" INCREMENT  MINVALUE  MAXVALUE  START 1 CACHE ;

CREATE TABLE "public"."Comment" (
    "content" character varying(255) NOT NULL,
    "created_at" timestamp NOT NULL,
    "updated_at" timestamp NOT NULL,
    "film_id" integer,
    "serie_id" integer,
    "chapter_id" integer,
    "user_id" integer NOT NULL,
    "id" integer DEFAULT nextval('"Comment_id_seq"') NOT NULL,
    CONSTRAINT "Comment_id" PRIMARY KEY ("id"),
    CONSTRAINT "Comment_id_chapter_fkey" FOREIGN KEY (chapter_id) REFERENCES "Chapter"(id) ON UPDATE CASCADE ON DELETE CASCADE NOT DEFERRABLE,
    CONSTRAINT "Comment_id_film_fkey" FOREIGN KEY (film_id) REFERENCES "Film"(id) ON UPDATE CASCADE ON DELETE CASCADE NOT DEFERRABLE,
    CONSTRAINT "Comment_id_serie_fkey" FOREIGN KEY (serie_id) REFERENCES "Serie"(id) ON UPDATE CASCADE ON DELETE CASCADE NOT DEFERRABLE,
    CONSTRAINT "Comment_user_id_fkey" FOREIGN KEY (user_id) REFERENCES "User"(id) ON UPDATE CASCADE ON DELETE CASCADE NOT DEFERRABLE
) WITH (oids = false);

INSERT INTO "Comment" ("content", "created_at", "updated_at", "film_id", "serie_id", "chapter_id", "user_id", "id") VALUES
('Ganamos?',	'2019-05-29 12:17:00',	'2019-05-29 12:17:00',	9,	NULL,	NULL,	26,	69),
('aefasdf',	'2019-05-29 18:37:08',	'2019-05-29 18:37:08',	12,	NULL,	NULL,	5,	72),
('dw',	'2019-05-30 10:21:38',	'2019-05-30 10:21:38',	NULL,	16,	NULL,	5,	76),
('dd',	'2019-05-30 10:21:47',	'2019-05-30 10:21:47',	NULL,	18,	NULL,	5,	77),
('Brrr bebecitaaa',	'2019-06-01 11:39:08',	'2019-06-01 11:39:08',	4,	NULL,	NULL,	34,	89),
('Pikachu mola',	'2019-06-01 11:45:07',	'2019-06-01 11:45:07',	7,	NULL,	NULL,	34,	90),
('Ganamos?',	'2019-06-03 09:09:49',	'2019-06-03 09:09:49',	4,	NULL,	NULL,	26,	94),
('GANAMOS?',	'2019-06-03 10:07:27',	'2019-06-03 10:07:27',	5,	NULL,	NULL,	26,	95),
('PEEEEEEEEEEEEEEEEEEEEEEEEEERO WEEEEEEEEENO',	'2019-06-03 11:44:09',	'2019-06-03 11:44:09',	4,	NULL,	NULL,	43,	101),
('ojo



',	'2019-06-05 10:16:49',	'2019-06-05 10:16:49',	NULL,	29,	NULL,	5,	105),
('♋',	'2019-06-05 10:17:45',	'2019-06-05 10:17:45',	5,	NULL,	NULL,	5,	106),
('kggggggggggggg',	'2019-05-23 11:17:04',	'2019-05-23 11:17:04',	13,	NULL,	NULL,	5,	43),
('lkjjñj
',	'2019-05-23 11:17:15',	'2019-05-23 11:17:15',	13,	NULL,	NULL,	5,	44),
('lkñknlnlñn

',	'2019-05-23 11:17:24',	'2019-05-23 11:17:24',	13,	NULL,	NULL,	5,	45),
('asd asd asd asd asd asdasd asd asdasd asd asdasd asd asdasd asd asdasd asd asdasd asd asdasd asd asdasd asd asdasd asd asdasd asd asdasd asd asdasd asd asdasd asd asdasd asd asdasd asd asdasd asd asdasd asd asdasd asd asd',	'2019-06-05 11:36:36',	'2019-06-05 11:36:36',	7,	NULL,	NULL,	57,	108),
('a',	'2019-05-23 11:21:10',	'2019-05-23 11:21:10',	13,	NULL,	NULL,	5,	47),
('xhf',	'2019-05-23 11:23:46',	'2019-05-23 11:23:46',	13,	NULL,	NULL,	5,	48),
('hyhfhy',	'2019-05-23 11:26:26',	'2019-05-23 11:26:26',	13,	NULL,	NULL,	5,	49),
('eeeeeeeeeeeeeeeeeeeeeeeeeeeeeeeeeeeeeeeeeeeeeeeeeeeeeeeeeeeeeeeeeeeeeeeeeeeeeeeeeeeeeeeeeeeee',	'2019-06-05 11:42:16',	'2019-06-05 11:42:16',	7,	NULL,	NULL,	57,	110),
('quedise',	'2019-05-23 14:09:26',	'2019-05-23 14:09:26',	5,	NULL,	NULL,	5,	54),
('dsd',	'2019-06-07 10:02:09',	'2019-06-07 10:02:09',	8,	NULL,	NULL,	5,	113),
('awd',	'2019-06-07 11:07:19',	'2019-06-07 11:07:19',	5,	NULL,	NULL,	5,	114),
('Ye',	'2019-06-07 11:49:48',	'2019-06-07 11:49:48',	4,	NULL,	NULL,	5,	115),
('jhlkmml',	'2019-05-25 14:38:10',	'2019-05-25 14:38:10',	NULL,	8,	NULL,	5,	60),
('asdasdas',	'2019-05-25 17:53:44',	'2019-05-25 17:53:44',	9,	NULL,	NULL,	5,	61),
('Jwjsja',	'2019-06-07 22:07:01',	'2019-06-07 22:07:01',	4,	NULL,	NULL,	59,	116);

DROP TABLE IF EXISTS "Film";
DROP SEQUENCE IF EXISTS "Film_id_seq";
CREATE SEQUENCE "Film_id_seq" INCREMENT  MINVALUE  MAXVALUE  START 1 CACHE ;

CREATE TABLE "public"."Film" (
    "id" integer DEFAULT nextval('"Film_id_seq"') NOT NULL,
    "name" character varying(255) NOT NULL,
    "description" character varying(500),
    "created_at" timestamp,
    "updated_at" timestamp,
    "image" character varying(255),
    "duration" integer,
    "rating" integer,
    "user_id" integer NOT NULL,
    "directors" character varying(255),
    "premiere" date,
    "trailer" character varying(255),
    CONSTRAINT "Film_id" PRIMARY KEY ("id"),
    CONSTRAINT "Film_name" UNIQUE ("name"),
    CONSTRAINT "Film_id_user_fkey" FOREIGN KEY (user_id) REFERENCES "User"(id) ON UPDATE CASCADE ON DELETE CASCADE NOT DEFERRABLE
) WITH (oids = false);

COMMENT ON COLUMN "public"."Film"."duration" IS 'Se introduce en min';

COMMENT ON COLUMN "public"."Film"."premiere" IS 'formato yyyy-mm-dd';

INSERT INTO "Film" ("id", "name", "description", "created_at", "updated_at", "image", "duration", "rating", "user_id", "directors", "premiere", "trailer") VALUES
(4,	'Avengers: Endgame',	'After the devastating events of Vengadores: Infinity War (2018), the universe is in ruins. With the help of remaining allies, the Avengers assemble once more in order to undo Thanos'' actions and restore order to the universe. ',	'2019-01-01 00:00:00',	'2019-02-01 00:00:00',	'https://m.media-amazon.com/images/M/MV5BMTc5MDE2ODcwNV5BMl5BanBnXkFtZTgwMzI2NzQ2NzM@._V1_SY1000_CR0,0,674,1000_AL_.jpg',	181,	NULL,	5,	'Anthony Russo',	'2019-04-25',	'<iframe src="https://www.imdb.com/videoembed/vi2163260441" allowfullscreen width="854" height="400"></iframe>'),
(5,	'Extremely Wicked, Shockingly Evil and Vile',	'A courtroom frenzy ensues and sweeps 1970s America when a young single mother reluctantly tips the attention of a widespread manhunt toward her longtime boyfriend, Ted Bundy. ',	'2019-01-01 00:00:00',	'2019-02-01 00:00:00',	'https://m.media-amazon.com/images/M/MV5BMjM4ZjY5ZmQtNjUwYi00Yzk2LWIwNmMtYTg1NmU0MWExZTMzXkEyXkFqcGdeQXVyMTg2MDEyMzM@._V1_SY1000_CR0,0,675,1000_AL_.jpg',	110,	NULL,	5,	'Joe Berlinger',	'2019-05-03',	'<iframe src="https://www.imdb.com/videoembed/vi1726266649" allowfullscreen width="854" height="400"></iframe>'),
(12,	'Liu lang di qiu',	'As the sun is dying out, people all around the world build giant planet thrusters to move Earth out of its orbit and sail Earth to a new star system. Yet the 2500-year journey comes with unexpected dangers, and in order to save humanity, a group of young people in this age of a wandering Earth fight hard for the survival of humankind. ',	'2019-01-01 00:00:00',	'2019-02-01 00:00:00',	'https://m.media-amazon.com/images/M/MV5BMjE2NzZlMGItMzA4OS00ZjRiLTk3NzItMDRkOGFlZmNhYzJkXkEyXkFqcGdeQXVyNzI1NzMxNzM@._V1_SY1000_CR0,0,714,1000_AL_.jpg',	125,	NULL,	5,	'Frant Gwo',	'2019-04-01',	'<iframe src="https://www.imdb.com/videoembed/vi2657663513" allowfullscreen width="854" height="400"></iframe>'),
(7,	'Pokémon Detective Pikachu',	'In a world where people collect Pokémon to do battle, a boy comes across an intelligent talking Pikachu who seeks to be a detective. ',	'2019-01-01 00:00:00',	'2019-02-01 00:00:00',	'https://m.media-amazon.com/images/M/MV5BNDU4Mzc3NzE5NV5BMl5BanBnXkFtZTgwMzE1NzI1NzM@._V1_SY1000_CR0,0,674,1000_AL_.jpg',	104,	NULL,	5,	'Rob Letterman',	'2019-05-10',	'<iframe src="https://www.imdb.com/videoembed/vi3254238233" allowfullscreen width="854" height="400"></iframe>'),
(6,	'Spider-Man: Far From Home',	'Following the events of Avengers: Endgame, Spider-Man must step up to take on new threats in a world that has changed forever. ',	'2019-01-01 00:00:00',	'2019-02-01 00:00:00',	'https://m.media-amazon.com/images/M/MV5BZjBhYWNiMDQtYjRmYy00NzEzLTg1MDYtYzg3YzRkZmRkYjY3XkEyXkFqcGdeQXVyNjg2NjQwMDQ@._V1_SY1000_CR0,0,674,1000_AL_.jpg',	NULL,	NULL,	5,	'Jon Watts',	'2019-06-05',	'<iframe src="https://www.imdb.com/videoembed/vi2600385561" allowfullscreen width="854" height="400"></iframe>'),
(8,	'Green Book ',	'A working-class Italian-American bouncer becomes the driver of an African-American classical pianist on a tour of venues through the 1960s American South. ',	'2019-01-01 00:00:00',	'2019-02-01 00:00:00',	'https://m.media-amazon.com/images/M/MV5BYzIzYmJlYTYtNGNiYy00N2EwLTk4ZjItMGYyZTJiOTVkM2RlXkEyXkFqcGdeQXVyODY1NDk1NjE@._V1_SY1000_CR0,0,666,1000_AL_.jpg',	130,	NULL,	5,	'Peter Farrelly',	'2019-02-01',	'<iframe src="https://www.imdb.com/videoembed/vi824752921" allowfullscreen width="854" height="400"></iframe>'),
(16,	'A Dog''s Journey',	'A dog finds the meaning of his own existence through the lives of the humans he meets.',	'2019-01-01 00:00:00',	'2019-02-01 00:00:00',	'https://m.media-amazon.com/images/M/MV5BOTI0NTk0ODE4OV5BMl5BanBnXkFtZTgwNDQxOTgyNzM@._V1_SY1000_CR0,0,631,1000_AL_.jpg',	108,	NULL,	5,	'Gail Mancuso',	'2019-06-14',	'<iframe src="https://www.imdb.com/videoembed/vi722450969" allowfullscreen width="854" height="400"></iframe>'),
(15,	'The Intruder',	'A young married couple buy a beautiful house on several acres of land only to find out that the man they bought it from refuses to let go of the property. ',	'2019-01-01 00:00:00',	'2019-02-01 00:00:00',	'https://m.media-amazon.com/images/M/MV5BMzg1ZjcxNjgtMTliNC00NzU3LWE3NGMtZTBjMWFmYzk4OWE0XkEyXkFqcGdeQXVyMDA4NzMyOA@@._V1_SY1000_CR0,0,674,1000_AL_.jpg',	102,	NULL,	5,	'Deon Taylor',	'2019-05-06',	'<iframe src="https://www.imdb.com/videoembed/vi512670745" allowfullscreen width="854" height="400"></iframe>'),
(10,	'Shazam!',	'We all have a superhero inside us, it just takes a bit of magic to bring it out. In Billy Batson''s case, by shouting out one word - SHAZAM. - this streetwise fourteen-year-old foster kid can turn into the grown-up superhero Shazam. ',	'2019-01-01 00:00:00',	'2019-02-01 00:00:00',	'https://m.media-amazon.com/images/M/MV5BYTE0Yjc1NzUtMjFjMC00Y2I3LTg3NGYtNGRlMGJhYThjMTJmXkEyXkFqcGdeQXVyNTI4MzE4MDU@._V1_SY1000_CR0,0,674,1000_AL_.jpg',	132,	NULL,	5,	'David F. Sandberg',	'2019-04-05',	'<iframe src="https://www.imdb.com/videoembed/vi306231833" allowfullscreen width="854" height="400"></iframe>'),
(9,	'Cold Pursuit',	'A grieving snowplow driver seeks out revenge against the drug dealers who killed his son. Based on the 2014 Norwegian film ''In Order of Disappearance''. ',	'2019-01-01 00:00:00',	'2019-02-01 00:00:00',	'https://m.media-amazon.com/images/M/MV5BM2YyYWI3NjItMWEwZS00MzhkLWJmZTMtZDAzYjRhODM0OTMzXkEyXkFqcGdeQXVyMjM4NTM5NDY@._V1_SY1000_CR0,0,648,1000_AL_.jpg',	190,	NULL,	5,	'Hans Petter Moland',	'2019-05-28',	'<iframe src="https://www.imdb.com/videoembed/vi2021964313" allowfullscreen width="854" height="400"></iframe>'),
(14,	'Thor: Ragnarok',	'Thor is imprisoned on the planet Sakaar, and must race against time to return to Asgard and stop Ragnarök, the destruction of his world, at the hands of the powerful and ruthless villain Hela. ',	'2019-01-01 00:00:00',	'2019-02-01 00:00:00',	'https://m.media-amazon.com/images/M/MV5BMjMyNDkzMzI1OF5BMl5BanBnXkFtZTgwODcxODg5MjI@._V1_SY1000_CR0,0,674,1000_AL_.jpg',	130,	NULL,	5,	'Taika Waititi',	'2017-10-27',	'<iframe src="https://www.imdb.com/videoembed/vi4010391833" allowfullscreen width="854" height="400"></iframe>'),
(11,	'Fighting with My Family',	'A former wrestler and his family make a living performing at small venues around the country while his kids dream of joining World Wrestling Entertainment. ',	'2019-01-01 00:00:00',	'2019-02-01 00:00:00',	'https://m.media-amazon.com/images/M/MV5BMjQ3MTk4Nzc1M15BMl5BanBnXkFtZTgwMTEwMDU5NjM@._V1_SY1000_CR0,0,675,1000_AL_.jpg',	108,	NULL,	5,	' Stephen Merchant',	'2019-05-10',	'<iframe src="https://www.imdb.com/videoembed/vi1699789337" allowfullscreen width="854" height="400"></iframe>'),
(26,	'The Professor',	'A college professor lives his life with reckless abandon after being diagnosed with a terminal illness. ',	'2019-01-01 00:00:00',	'2019-02-01 00:00:00',	'https://m.media-amazon.com/images/M/MV5BNWU1NDgxNjktZmE0Ny00ZmE0LThhOTItODUxMTc5MWQwOTNhXkEyXkFqcGdeQXVyNjg3MDMxNzU@._V1_SY1000_CR0,0,675,1000_AL_.jpg',	90,	NULL,	5,	'Wayne Roberts',	'2019-03-17',	'<iframe src="https://www.imdb.com/videoembed/vi1344978201" allowfullscreen width="854" height="400"></iframe>'),
(27,	'Pet Sematary',	'Dr. Louis Creed and his wife, Rachel, relocate from Boston to rural Maine with their two young children. The couple soon discover a mysterious burial ground hidden deep in the woods near their new home. ',	'2019-01-01 00:00:00',	'2019-02-01 00:00:00',	'https://m.media-amazon.com/images/M/MV5BMjUyNjg1ODIwMl5BMl5BanBnXkFtZTgwNjMyOTYzNzM@._V1_SY1000_CR0,0,640,1000_AL_.jpg',	101,	NULL,	5,	'Kevin Kölsch',	'2019-04-08',	'<iframe src="https://www.imdb.com/videoembed/vi266583321" allowfullscreen width="854" height="400"></iframe>'),
(28,	'Zombieland: Double Tap',	'Columbus, Tallahasse, Wichita, and Little Rock move to the American heartland as they face off against evolved zombies, fellow survivors, and the growing pains of the snarky makeshift family. ',	'2019-01-01 00:00:00',	'2019-02-01 00:00:00',	'https://m.media-amazon.com/images/M/MV5BNDBkOTY5NzEtZmIxOC00YThlLWIyYTYtNWVlNjlhNTY3MzRiXkEyXkFqcGdeQXVyMDk2OTIwNQ@@._V1_.jpg',	120,	NULL,	5,	'Ruben Fleischer',	'2019-10-11',	'<iframe src="https://www.imdb.com/videoembed/vi321895705" allowfullscreen width="854" height="400"></iframe>'),
(29,	'The Lion King',	'After the murder of his father, a young lion prince flees his kingdom only to learn the true meaning of responsibility and bravery.',	'2019-01-01 00:00:00',	'2019-02-01 00:00:00',	'https://m.media-amazon.com/images/M/MV5BMjIwMjE1Nzc4NV5BMl5BanBnXkFtZTgwNDg4OTA1NzM@._V1_SY1000_CR0,0,674,1000_AL_.jpg',	120,	NULL,	5,	'Jon Favreau',	'2019-06-19',	'<iframe src="https://www.imdb.com/videoembed/vi1166654489" allowfullscreen width="854" height="400"></iframe>'),
(30,	'Bohemian Rhapsody',	'The story of the legendary rock band Queen and lead singer Freddie Mercury, leading up to their famous performance at Live Aid (1985). ',	'2019-01-01 00:00:00',	'2019-02-01 00:00:00',	'https://m.media-amazon.com/images/M/MV5BMTA2NDc3Njg5NDVeQTJeQWpwZ15BbWU4MDc1NDcxNTUz._V1_SY1000_CR0,0,674,1000_AL_.jpg',	134,	NULL,	5,	'Bryan Singer',	'2018-10-31',	'<iframe src="https://www.imdb.com/videoembed/vi1451538969" allowfullscreen width="854" height="400"></iframe>'),
(13,	'Brightburn ',	'What if a child from another world crash-landed on Earth, but instead of becoming a hero to mankind, he proved to be something far more sinister? ',	'2019-01-01 00:00:00',	'2019-02-01 00:00:00',	'https://m.media-amazon.com/images/M/MV5BMjc0YzM2ZjItNzE3OS00NTRhLTkyNTUtMjY5Y2Y5NTU3OWI0XkEyXkFqcGdeQXVyNjU2NTI4MjE@._V1_SY1000_CR0,0,674,1000_AL_.jpg',	90,	NULL,	5,	'David Yarovesky',	'2019-05-24',	'<iframe src="https://www.imdb.com/videoembed/vi416660505" allowfullscreen width="854" height="400"></iframe>'),
(25,	'The Dead Don''t Die',	'The peaceful town of Centerville finds itself battling a zombie horde as the dead start rising from their graves. ',	'2019-01-01 00:00:00',	'2019-02-01 00:00:00',	'https://m.media-amazon.com/images/M/MV5BMTk4NTM1OTY3Ml5BMl5BanBnXkFtZTgwNzc2NDg3NzM@._V1_SY1000_SX675_AL_.jpg',	103,	NULL,	5,	'Jim Jarmusch',	'2019-06-28',	'<iframe src="https://www.imdb.com/videoembed/vi870563097" allowfullscreen width="854" height="400"></iframe>'),
(20,	'The Professor and the Madman',	'Professor James Murray begins work compiling words for the first edition of the Oxford English Dictionary in the mid 19th century, and receives over 10,000 entries from a patient at Broadmoor Criminal Lunatic Asylum, Dr. William Minor. ',	'2019-01-01 00:00:00',	'2019-02-01 00:00:00',	'https://m.media-amazon.com/images/M/MV5BNjRjNWIxMWMtNzcxYi00NDYyLWFmMzAtZTRiZWZhZDMwZmVkXkEyXkFqcGdeQXVyMjExMDE1MzQ@._V1_SY1000_CR0,0,699,1000_AL_.jpg',	124,	NULL,	5,	'Farhad Safinia',	'2019-03-15',	'<iframe src="https://www.imdb.com/videoembed/vi3204234521" allowfullscreen width="854" height="400"></iframe>'),
(21,	'John Wick',	'An ex-hit-man comes out of retirement to track down the gangsters that killed his dog and took everything from him. ',	'2019-01-01 00:00:00',	'2019-02-01 00:00:00',	'https://m.media-amazon.com/images/M/MV5BMTU2NjA1ODgzMF5BMl5BanBnXkFtZTgwMTM2MTI4MjE@._V1_SY1000_CR0,0,666,1000_AL_.jpg',	101,	NULL,	5,	'Chad Stahelski',	'2014-10-24',	'<iframe src="https://www.imdb.com/videoembed/vi2273816345" allowfullscreen width="854" height="400"></iframe>'),
(17,	'Terminator: Dark Fate',	'Plot unknown.',	'2019-01-01 00:00:00',	'2019-02-01 00:00:00',	'https://m.media-amazon.com/images/M/MV5BMTEzMTY5ODkyMTheQTJeQWpwZ15BbWU4MDgxMTQzMDYz._V1_SX1500_CR0,0,1500,999_AL_.jpg',	NULL,	NULL,	5,	'Tim Miller',	'2019-11-01',	'<iframe src="https://www.imdb.com/videoembed/vi3028728345" allowfullscreen width="854" height="400"></iframe>'),
(23,	'The Mule',	'A 90-year-old horticulturist and Korean War veteran turns drug mule for a Mexican cartel. ',	'2019-01-01 00:00:00',	'2019-02-01 00:00:00',	'https://m.media-amazon.com/images/M/MV5BMTc1OTc5NzA4OF5BMl5BanBnXkFtZTgwOTAzMzE2NjM@._V1_SY1000_CR0,0,674,1000_AL_.jpg',	116,	NULL,	5,	'Clint Eastwood',	'2019-03-08',	'<iframe src="https://www.imdb.com/videoembed/vi2678503961" allowfullscreen width="854" height="400"></iframe>'),
(18,	'Thor ',	'The powerful but arrogant god Thor (Chris Hemsworth) is cast out of Asgard to live amongst humans in Midgard (Earth), where he soon becomes one of their finest defenders. ',	'2019-01-01 00:00:00',	'2019-02-01 00:00:00',	'https://m.media-amazon.com/images/M/MV5BOGE4NzU1YTAtNzA3Mi00ZTA2LTg2YmYtMDJmMThiMjlkYjg2XkEyXkFqcGdeQXVyNTgzMDMzMTg@._V1_SY1000_CR0,0,674,1000_AL_.jpg',	115,	NULL,	5,	'Kenneth Branagh',	'2011-04-29',	'<iframe src="https://www.imdb.com/videoembed/vi1431476761" allowfullscreen width="854" height="400"></iframe>'),
(19,	'BlacKkKlansman',	'Ron Stallworth, an African American police officer from Colorado Springs, CO, successfully manages to infiltrate the local Ku Klux Klan branch with the help of a Jewish surrogate who eventually becomes its leader. Based on actual events. ',	'2019-01-01 00:00:00',	'2019-02-01 00:00:00',	'https://m.media-amazon.com/images/M/MV5BMjUyOTE1NjI0OF5BMl5BanBnXkFtZTgwMTM4ODQ5NTM@._V1_SY1000_CR0,0,674,1000_AL_.jpg',	135,	NULL,	5,	'Spike Lee',	'2018-10-31',	'<iframe src="https://www.imdb.com/videoembed/vi2444933657" allowfullscreen width="854" height="400"></iframe>'),
(22,	'Captain Marvel',	'Carol Danvers becomes one of the universe''s most powerful heroes when Earth is caught in the middle of a galactic war between two alien races. ',	'2019-01-01 00:00:00',	'2019-02-01 00:00:00',	'https://m.media-amazon.com/images/M/MV5BMTE0YWFmOTMtYTU2ZS00ZTIxLWE3OTEtYTNiYzBkZjViZThiXkEyXkFqcGdeQXVyODMzMzQ4OTI@._V1_SY1000_CR0,0,675,1000_AL_.jpg',	123,	NULL,	5,	'Anna Boden',	'2019-03-08',	'<iframe src="https://www.imdb.com/videoembed/vi4235180569" allowfullscreen width="854" height="400"></iframe>');

DROP TABLE IF EXISTS "Follow";
CREATE TABLE "public"."Follow" (
    "user_id" integer NOT NULL,
    "user_followed" integer NOT NULL,
    CONSTRAINT "Follow_user_id_user_follow" PRIMARY KEY ("user_id", "user_followed"),
    CONSTRAINT "Follow_user_follow_fkey" FOREIGN KEY (user_followed) REFERENCES "User"(id) ON UPDATE CASCADE ON DELETE CASCADE NOT DEFERRABLE,
    CONSTRAINT "Follow_user_id_fkey" FOREIGN KEY (user_id) REFERENCES "User"(id) ON UPDATE CASCADE ON DELETE CASCADE NOT DEFERRABLE
) WITH (oids = false);

INSERT INTO "Follow" ("user_id", "user_followed") VALUES
(58,	5),
(59,	5),
(34,	5),
(43,	5),
(5,	58),
(5,	59),
(5,	26),
(57,	26),
(57,	58),
(57,	34);

DROP TABLE IF EXISTS "Genre";
DROP SEQUENCE IF EXISTS "Genre_id_seq";
CREATE SEQUENCE "Genre_id_seq" INCREMENT  MINVALUE  MAXVALUE  START 1 CACHE ;

CREATE TABLE "public"."Genre" (
    "id" integer DEFAULT nextval('"Genre_id_seq"') NOT NULL,
    "name" character varying(45) NOT NULL,
    CONSTRAINT "Genre_id" PRIMARY KEY ("id")
) WITH (oids = false);

INSERT INTO "Genre" ("id", "name") VALUES
(1,	'Action'),
(2,	'Animation'),
(3,	'Cartoon'),
(4,	'Comedy'),
(5,	'Historical drama'),
(6,	'Horror'),
(7,	'Martial arts'),
(8,	'Musical'),
(9,	'Romantic comedy'),
(10,	'Science fiction'),
(11,	'Silent'),
(12,	'Thriller'),
(13,	'War'),
(14,	'Western'),
(15,	'Documentary'),
(16,	'Drama'),
(17,	'Independent');

DROP TABLE IF EXISTS "Genre_has_Film";
CREATE TABLE "public"."Genre_has_Film" (
    "film_id" integer NOT NULL,
    "genre_id" integer NOT NULL,
    CONSTRAINT "Genre_has_Film_film_id_genre_id" PRIMARY KEY ("film_id", "genre_id"),
    CONSTRAINT "Genre_has_Film_film_id_fkey" FOREIGN KEY (film_id) REFERENCES "Film"(id) ON UPDATE CASCADE ON DELETE CASCADE NOT DEFERRABLE,
    CONSTRAINT "Genre_has_Film_genre_id_fkey" FOREIGN KEY (genre_id) REFERENCES "Genre"(id) ON UPDATE CASCADE ON DELETE CASCADE NOT DEFERRABLE
) WITH (oids = false);

INSERT INTO "Genre_has_Film" ("film_id", "genre_id") VALUES
(4,	10),
(4,	1),
(4,	13),
(5,	16),
(5,	15),
(6,	1),
(6,	4),
(6,	7),
(7,	1),
(7,	2),
(7,	4),
(7,	3),
(8,	15),
(8,	4),
(8,	16),
(9,	1),
(9,	16),
(10,	1),
(10,	4),
(11,	4),
(11,	16),
(11,	15),
(12,	1),
(12,	16),
(12,	10),
(13,	12),
(13,	11),
(13,	10),
(14,	1),
(14,	4),
(15,	16),
(15,	12),
(15,	11),
(16,	4),
(16,	16),
(17,	1),
(17,	7),
(17,	10),
(18,	1),
(18,	10),
(19,	16),
(19,	11),
(19,	15),
(20,	15),
(20,	16),
(21,	1),
(21,	12),
(22,	1),
(22,	7),
(22,	13),
(22,	10),
(23,	5),
(23,	13),
(23,	16),
(25,	4),
(25,	6),
(26,	4),
(26,	16),
(27,	6),
(27,	12),
(28,	1),
(28,	4),
(28,	6),
(29,	2),
(29,	16),
(29,	8),
(30,	15),
(30,	16),
(30,	8);

DROP TABLE IF EXISTS "Genre_has_Serie";
CREATE TABLE "public"."Genre_has_Serie" (
    "serie_id" integer NOT NULL,
    "genre_id" integer NOT NULL,
    CONSTRAINT "Genre_has_Serie_serie_id_genre_id" PRIMARY KEY ("serie_id", "genre_id"),
    CONSTRAINT "Genre_has_Serie_genre_id_fkey" FOREIGN KEY (genre_id) REFERENCES "Genre"(id) ON UPDATE CASCADE ON DELETE CASCADE NOT DEFERRABLE,
    CONSTRAINT "Genre_has_Serie_serie_id_fkey" FOREIGN KEY (serie_id) REFERENCES "Serie"(id) ON UPDATE CASCADE ON DELETE CASCADE NOT DEFERRABLE
) WITH (oids = false);

INSERT INTO "Genre_has_Serie" ("serie_id", "genre_id") VALUES
(6,	1),
(6,	5),
(6,	7),
(7,	4),
(7,	16),
(7,	6),
(8,	16),
(8,	12),
(9,	16),
(9,	5),
(10,	15),
(11,	1),
(11,	16),
(11,	5),
(12,	16),
(12,	12),
(12,	5),
(16,	15),
(16,	5),
(16,	13),
(18,	2),
(18,	1),
(18,	3),
(19,	16),
(20,	2),
(21,	8),
(22,	9),
(23,	12),
(24,	7),
(25,	2),
(26,	5),
(27,	13),
(28,	7),
(30,	17),
(32,	15),
(29,	17),
(31,	4),
(33,	8),
(34,	10),
(35,	14),
(36,	5),
(37,	7),
(38,	12),
(40,	12),
(41,	17),
(42,	1),
(43,	4),
(44,	14);

DROP TABLE IF EXISTS "Language";
DROP SEQUENCE IF EXISTS "Language_id_seq";
CREATE SEQUENCE "Language_id_seq" INCREMENT  MINVALUE  MAXVALUE  START 1 CACHE ;

CREATE TABLE "public"."Language" (
    "id" integer DEFAULT nextval('"Language_id_seq"') NOT NULL,
    "name" character varying(255) NOT NULL,
    "flagImage" character varying(255),
    CONSTRAINT "Language_id" PRIMARY KEY ("id")
) WITH (oids = false);

INSERT INTO "Language" ("id", "name", "flagImage") VALUES
(1,	'Spanish',	'spanish.jpg'),
(2,	'English',	'english.png');

DROP TABLE IF EXISTS "Link";
DROP SEQUENCE IF EXISTS "Link_id_seq";
CREATE SEQUENCE "Link_id_seq" INCREMENT  MINVALUE  MAXVALUE  START 1 CACHE ;

CREATE TABLE "public"."Link" (
    "url" character varying(255) DEFAULT 'https://encrypted-tbn0.gstatic.com/images?q=tbn:ANd9GcSmzgM4JjoqLebziMKL4gfa-vSjZN6blJ8YN10VYXNjZKmlIA6ASA' NOT NULL,
    "language_id" integer NOT NULL,
    "chapter_id" integer,
    "film_id" integer,
    "id" integer DEFAULT nextval('"Link_id_seq"') NOT NULL,
    "created_at" timestamp NOT NULL,
    "updated_at" timestamp NOT NULL,
    "user_id" integer NOT NULL,
    CONSTRAINT "Link_id" PRIMARY KEY ("id"),
    CONSTRAINT "Link_id_chapter_fkey" FOREIGN KEY (chapter_id) REFERENCES "Chapter"(id) ON UPDATE CASCADE ON DELETE CASCADE NOT DEFERRABLE,
    CONSTRAINT "Link_id_film_fkey" FOREIGN KEY (film_id) REFERENCES "Film"(id) ON UPDATE CASCADE ON DELETE CASCADE NOT DEFERRABLE,
    CONSTRAINT "Link_id_language_fkey" FOREIGN KEY (language_id) REFERENCES "Language"(id) ON UPDATE CASCADE ON DELETE CASCADE NOT DEFERRABLE,
    CONSTRAINT "Link_user_id_fkey" FOREIGN KEY (user_id) REFERENCES "User"(id) ON UPDATE CASCADE ON DELETE CASCADE NOT DEFERRABLE
) WITH (oids = false);

INSERT INTO "Link" ("url", "language_id", "chapter_id", "film_id", "id", "created_at", "updated_at", "user_id") VALUES
('https://encrypted-tbn0.gstatic.com/images?q=tbn:ANd9GcSmzgM4JjoqLebziMKL4gfa-vSjZN6blJ8YN10VYXNjZKmlIA6ASA',	1,	7,	NULL,	4,	'2019-04-28 10:30:37',	'2019-04-28 10:30:37',	5),
('https://encrypted-tbn0.gstatic.com/images?q=tbn:ANd9GcSmzgM4JjoqLebziMKL4gfa-vSjZN6blJ8YN10VYXNjZKmlIA6ASA',	1,	7,	NULL,	5,	'2019-04-28 10:30:37',	'2019-04-28 10:30:37',	5),
('https://encrypted-tbn0.gstatic.com/images?q=tbn:ANd9GcSmzgM4JjoqLebziMKL4gfa-vSjZN6blJ8YN10VYXNjZKmlIA6ASA',	1,	NULL,	12,	6,	'2019-04-28 10:30:37',	'2019-04-28 10:30:37',	5),
('https://encrypted-tbn0.gstatic.com/images?q=tbn:ANd9GcSmzgM4JjoqLebziMKL4gfa-vSjZN6blJ8YN10VYXNjZKmlIA6ASA',	1,	NULL,	12,	7,	'2019-04-28 10:30:37',	'2019-04-28 10:30:37',	5),
('https://encrypted-tbn0.gstatic.com/images?q=tbn:ANd9GcSmzgM4JjoqLebziMKL4gfa-vSjZN6blJ8YN10VYXNjZKmlIA6ASA',	1,	NULL,	7,	35,	'2019-01-01 00:00:00',	'2019-01-01 00:00:00',	5),
('https://encrypted-tbn0.gstatic.com/images?q=tbn:ANd9GcSmzgM4JjoqLebziMKL4gfa-vSjZN6blJ8YN10VYXNjZKmlIA6ASA',	1,	NULL,	7,	36,	'2019-01-01 00:00:00',	'2019-01-01 00:00:00',	5),
('https://encrypted-tbn0.gstatic.com/images?q=tbn:ANd9GcSmzgM4JjoqLebziMKL4gfa-vSjZN6blJ8YN10VYXNjZKmlIA6ASA',	1,	NULL,	7,	37,	'2019-01-01 00:00:00',	'2019-01-01 00:00:00',	5),
('https://encrypted-tbn0.gstatic.com/images?q=tbn:ANd9GcSmzgM4JjoqLebziMKL4gfa-vSjZN6blJ8YN10VYXNjZKmlIA6ASA',	1,	NULL,	4,	44,	'2019-05-16 08:18:23',	'2019-05-16 08:18:23',	5),
('https://encrypted-tbn0.gstatic.com/images?q=tbn:ANd9GcSmzgM4JjoqLebziMKL4gfa-vSjZN6blJ8YN10VYXNjZKmlIA6ASA',	2,	NULL,	4,	45,	'2019-05-16 08:18:23',	'2019-05-16 08:18:23',	5),
('https://encrypted-tbn0.gstatic.com/images?q=tbn:ANd9GcSmzgM4JjoqLebziMKL4gfa-vSjZN6blJ8YN10VYXNjZKmlIA6ASA',	1,	NULL,	5,	46,	'2019-05-16 08:18:23',	'2019-05-16 08:18:23',	5),
('https://encrypted-tbn0.gstatic.com/images?q=tbn:ANd9GcSmzgM4JjoqLebziMKL4gfa-vSjZN6blJ8YN10VYXNjZKmlIA6ASA',	2,	NULL,	6,	47,	'2019-05-16 08:18:23',	'2019-05-16 08:18:23',	5),
('https://encrypted-tbn0.gstatic.com/images?q=tbn:ANd9GcSmzgM4JjoqLebziMKL4gfa-vSjZN6blJ8YN10VYXNjZKmlIA6ASA',	1,	NULL,	7,	48,	'2019-05-16 08:18:23',	'2019-05-16 08:18:23',	5),
('https://encrypted-tbn0.gstatic.com/images?q=tbn:ANd9GcSmzgM4JjoqLebziMKL4gfa-vSjZN6blJ8YN10VYXNjZKmlIA6ASA',	2,	NULL,	8,	49,	'2019-05-16 08:18:23',	'2019-05-16 08:18:23',	5),
('https://encrypted-tbn0.gstatic.com/images?q=tbn:ANd9GcSmzgM4JjoqLebziMKL4gfa-vSjZN6blJ8YN10VYXNjZKmlIA6ASA',	1,	NULL,	9,	50,	'2019-05-16 08:18:23',	'2019-05-16 08:18:23',	5),
('https://encrypted-tbn0.gstatic.com/images?q=tbn:ANd9GcSmzgM4JjoqLebziMKL4gfa-vSjZN6blJ8YN10VYXNjZKmlIA6ASA',	2,	NULL,	10,	51,	'2019-05-16 08:18:23',	'2019-05-16 08:18:23',	5),
('https://encrypted-tbn0.gstatic.com/images?q=tbn:ANd9GcSmzgM4JjoqLebziMKL4gfa-vSjZN6blJ8YN10VYXNjZKmlIA6ASA',	1,	NULL,	11,	95,	'2019-05-16 08:18:23',	'2019-05-16 08:18:23',	5),
('https://encrypted-tbn0.gstatic.com/images?q=tbn:ANd9GcSmzgM4JjoqLebziMKL4gfa-vSjZN6blJ8YN10VYXNjZKmlIA6ASA',	2,	NULL,	12,	96,	'2019-05-16 08:18:23',	'2019-05-16 08:18:23',	5),
('https://encrypted-tbn0.gstatic.com/images?q=tbn:ANd9GcSmzgM4JjoqLebziMKL4gfa-vSjZN6blJ8YN10VYXNjZKmlIA6ASA',	1,	NULL,	13,	97,	'2019-05-16 08:18:23',	'2019-05-16 08:18:23',	5),
('https://encrypted-tbn0.gstatic.com/images?q=tbn:ANd9GcSmzgM4JjoqLebziMKL4gfa-vSjZN6blJ8YN10VYXNjZKmlIA6ASA',	2,	NULL,	14,	98,	'2019-05-16 08:18:23',	'2019-05-16 08:18:23',	5),
('https://encrypted-tbn0.gstatic.com/images?q=tbn:ANd9GcSmzgM4JjoqLebziMKL4gfa-vSjZN6blJ8YN10VYXNjZKmlIA6ASA',	1,	NULL,	15,	99,	'2019-05-16 08:18:23',	'2019-05-16 08:18:23',	5),
('https://encrypted-tbn0.gstatic.com/images?q=tbn:ANd9GcSmzgM4JjoqLebziMKL4gfa-vSjZN6blJ8YN10VYXNjZKmlIA6ASA',	2,	NULL,	16,	100,	'2019-05-16 08:18:23',	'2019-05-16 08:18:23',	5),
('https://encrypted-tbn0.gstatic.com/images?q=tbn:ANd9GcSmzgM4JjoqLebziMKL4gfa-vSjZN6blJ8YN10VYXNjZKmlIA6ASA',	1,	NULL,	17,	101,	'2019-05-16 08:18:23',	'2019-05-16 08:18:23',	5),
('https://encrypted-tbn0.gstatic.com/images?q=tbn:ANd9GcSmzgM4JjoqLebziMKL4gfa-vSjZN6blJ8YN10VYXNjZKmlIA6ASA',	2,	NULL,	18,	102,	'2019-05-16 08:18:23',	'2019-05-16 08:18:23',	5),
('https://encrypted-tbn0.gstatic.com/images?q=tbn:ANd9GcSmzgM4JjoqLebziMKL4gfa-vSjZN6blJ8YN10VYXNjZKmlIA6ASA',	1,	NULL,	19,	103,	'2019-05-16 08:18:23',	'2019-05-16 08:18:23',	5),
('https://encrypted-tbn0.gstatic.com/images?q=tbn:ANd9GcSmzgM4JjoqLebziMKL4gfa-vSjZN6blJ8YN10VYXNjZKmlIA6ASA',	2,	NULL,	20,	104,	'2019-05-16 08:18:23',	'2019-05-16 08:18:23',	5),
('https://encrypted-tbn0.gstatic.com/images?q=tbn:ANd9GcSmzgM4JjoqLebziMKL4gfa-vSjZN6blJ8YN10VYXNjZKmlIA6ASA',	2,	110,	NULL,	395,	'2019-05-16 08:18:23',	'2019-05-16 08:18:23',	5),
('https://encrypted-tbn0.gstatic.com/images?q=tbn:ANd9GcSmzgM4JjoqLebziMKL4gfa-vSjZN6blJ8YN10VYXNjZKmlIA6ASA',	1,	111,	NULL,	396,	'2019-05-16 08:18:23',	'2019-05-16 08:18:23',	5),
('https://encrypted-tbn0.gstatic.com/images?q=tbn:ANd9GcSmzgM4JjoqLebziMKL4gfa-vSjZN6blJ8YN10VYXNjZKmlIA6ASA',	2,	112,	NULL,	397,	'2019-05-16 08:18:23',	'2019-05-16 08:18:23',	5),
('https://encrypted-tbn0.gstatic.com/images?q=tbn:ANd9GcSmzgM4JjoqLebziMKL4gfa-vSjZN6blJ8YN10VYXNjZKmlIA6ASA',	1,	113,	NULL,	398,	'2019-05-16 08:18:23',	'2019-05-16 08:18:23',	5),
('https://encrypted-tbn0.gstatic.com/images?q=tbn:ANd9GcSmzgM4JjoqLebziMKL4gfa-vSjZN6blJ8YN10VYXNjZKmlIA6ASA',	2,	114,	NULL,	399,	'2019-05-16 08:18:23',	'2019-05-16 08:18:23',	5),
('https://encrypted-tbn0.gstatic.com/images?q=tbn:ANd9GcSmzgM4JjoqLebziMKL4gfa-vSjZN6blJ8YN10VYXNjZKmlIA6ASA',	1,	115,	NULL,	400,	'2019-05-16 08:18:23',	'2019-05-16 08:18:23',	5),
('https://encrypted-tbn0.gstatic.com/images?q=tbn:ANd9GcSmzgM4JjoqLebziMKL4gfa-vSjZN6blJ8YN10VYXNjZKmlIA6ASA',	2,	116,	NULL,	401,	'2019-05-16 08:18:23',	'2019-05-16 08:18:23',	5),
('https://encrypted-tbn0.gstatic.com/images?q=tbn:ANd9GcSmzgM4JjoqLebziMKL4gfa-vSjZN6blJ8YN10VYXNjZKmlIA6ASA',	1,	121,	NULL,	402,	'2019-05-16 08:18:23',	'2019-05-16 08:18:23',	5),
('https://encrypted-tbn0.gstatic.com/images?q=tbn:ANd9GcSmzgM4JjoqLebziMKL4gfa-vSjZN6blJ8YN10VYXNjZKmlIA6ASA',	2,	122,	NULL,	403,	'2019-05-16 08:18:23',	'2019-05-16 08:18:23',	5),
('https://encrypted-tbn0.gstatic.com/images?q=tbn:ANd9GcSmzgM4JjoqLebziMKL4gfa-vSjZN6blJ8YN10VYXNjZKmlIA6ASA',	1,	123,	NULL,	404,	'2019-05-16 08:18:23',	'2019-05-16 08:18:23',	5),
('https://encrypted-tbn0.gstatic.com/images?q=tbn:ANd9GcSmzgM4JjoqLebziMKL4gfa-vSjZN6blJ8YN10VYXNjZKmlIA6ASA',	2,	124,	NULL,	405,	'2019-05-16 08:18:23',	'2019-05-16 08:18:23',	5),
('https://encrypted-tbn0.gstatic.com/images?q=tbn:ANd9GcSmzgM4JjoqLebziMKL4gfa-vSjZN6blJ8YN10VYXNjZKmlIA6ASA',	1,	125,	NULL,	406,	'2019-05-16 08:18:23',	'2019-05-16 08:18:23',	5),
('https://encrypted-tbn0.gstatic.com/images?q=tbn:ANd9GcSmzgM4JjoqLebziMKL4gfa-vSjZN6blJ8YN10VYXNjZKmlIA6ASA',	2,	126,	NULL,	407,	'2019-05-16 08:18:23',	'2019-05-16 08:18:23',	5),
('https://encrypted-tbn0.gstatic.com/images?q=tbn:ANd9GcSmzgM4JjoqLebziMKL4gfa-vSjZN6blJ8YN10VYXNjZKmlIA6ASA',	1,	127,	NULL,	408,	'2019-05-16 08:18:23',	'2019-05-16 08:18:23',	5),
('https://encrypted-tbn0.gstatic.com/images?q=tbn:ANd9GcSmzgM4JjoqLebziMKL4gfa-vSjZN6blJ8YN10VYXNjZKmlIA6ASA',	1,	129,	NULL,	410,	'2019-05-16 08:18:23',	'2019-05-16 08:18:23',	5),
('https://encrypted-tbn0.gstatic.com/images?q=tbn:ANd9GcSmzgM4JjoqLebziMKL4gfa-vSjZN6blJ8YN10VYXNjZKmlIA6ASA',	2,	130,	NULL,	411,	'2019-05-16 08:18:23',	'2019-05-16 08:18:23',	5),
('https://encrypted-tbn0.gstatic.com/images?q=tbn:ANd9GcSmzgM4JjoqLebziMKL4gfa-vSjZN6blJ8YN10VYXNjZKmlIA6ASA',	1,	131,	NULL,	412,	'2019-05-16 08:18:23',	'2019-05-16 08:18:23',	5),
('https://encrypted-tbn0.gstatic.com/images?q=tbn:ANd9GcSmzgM4JjoqLebziMKL4gfa-vSjZN6blJ8YN10VYXNjZKmlIA6ASA',	2,	132,	NULL,	413,	'2019-05-16 08:18:23',	'2019-05-16 08:18:23',	5),
('https://encrypted-tbn0.gstatic.com/images?q=tbn:ANd9GcSmzgM4JjoqLebziMKL4gfa-vSjZN6blJ8YN10VYXNjZKmlIA6ASA',	1,	133,	NULL,	414,	'2019-05-16 08:18:23',	'2019-05-16 08:18:23',	5),
('https://encrypted-tbn0.gstatic.com/images?q=tbn:ANd9GcSmzgM4JjoqLebziMKL4gfa-vSjZN6blJ8YN10VYXNjZKmlIA6ASA',	2,	134,	NULL,	415,	'2019-05-16 08:18:23',	'2019-05-16 08:18:23',	5),
('https://encrypted-tbn0.gstatic.com/images?q=tbn:ANd9GcSmzgM4JjoqLebziMKL4gfa-vSjZN6blJ8YN10VYXNjZKmlIA6ASA',	1,	135,	NULL,	416,	'2019-05-16 08:18:23',	'2019-05-16 08:18:23',	5),
('https://encrypted-tbn0.gstatic.com/images?q=tbn:ANd9GcSmzgM4JjoqLebziMKL4gfa-vSjZN6blJ8YN10VYXNjZKmlIA6ASA',	2,	136,	NULL,	417,	'2019-05-16 08:18:23',	'2019-05-16 08:18:23',	5),
('https://encrypted-tbn0.gstatic.com/images?q=tbn:ANd9GcSmzgM4JjoqLebziMKL4gfa-vSjZN6blJ8YN10VYXNjZKmlIA6ASA',	1,	137,	NULL,	418,	'2019-05-16 08:18:23',	'2019-05-16 08:18:23',	5),
('https://encrypted-tbn0.gstatic.com/images?q=tbn:ANd9GcSmzgM4JjoqLebziMKL4gfa-vSjZN6blJ8YN10VYXNjZKmlIA6ASA',	2,	138,	NULL,	419,	'2019-05-16 08:18:23',	'2019-05-16 08:18:23',	5),
('https://encrypted-tbn0.gstatic.com/images?q=tbn:ANd9GcSmzgM4JjoqLebziMKL4gfa-vSjZN6blJ8YN10VYXNjZKmlIA6ASA',	1,	139,	NULL,	420,	'2019-05-16 08:18:23',	'2019-05-16 08:18:23',	5),
('https://encrypted-tbn0.gstatic.com/images?q=tbn:ANd9GcSmzgM4JjoqLebziMKL4gfa-vSjZN6blJ8YN10VYXNjZKmlIA6ASA',	2,	140,	NULL,	421,	'2019-05-16 08:18:23',	'2019-05-16 08:18:23',	5),
('https://encrypted-tbn0.gstatic.com/images?q=tbn:ANd9GcSmzgM4JjoqLebziMKL4gfa-vSjZN6blJ8YN10VYXNjZKmlIA6ASA',	1,	141,	NULL,	422,	'2019-05-16 08:18:23',	'2019-05-16 08:18:23',	5),
('https://encrypted-tbn0.gstatic.com/images?q=tbn:ANd9GcSmzgM4JjoqLebziMKL4gfa-vSjZN6blJ8YN10VYXNjZKmlIA6ASA',	2,	142,	NULL,	423,	'2019-05-16 08:18:23',	'2019-05-16 08:18:23',	5),
('https://encrypted-tbn0.gstatic.com/images?q=tbn:ANd9GcSmzgM4JjoqLebziMKL4gfa-vSjZN6blJ8YN10VYXNjZKmlIA6ASA',	1,	143,	NULL,	424,	'2019-05-16 08:18:23',	'2019-05-16 08:18:23',	5),
('https://encrypted-tbn0.gstatic.com/images?q=tbn:ANd9GcSmzgM4JjoqLebziMKL4gfa-vSjZN6blJ8YN10VYXNjZKmlIA6ASA',	2,	144,	NULL,	425,	'2019-05-16 08:18:23',	'2019-05-16 08:18:23',	5),
('https://encrypted-tbn0.gstatic.com/images?q=tbn:ANd9GcSmzgM4JjoqLebziMKL4gfa-vSjZN6blJ8YN10VYXNjZKmlIA6ASA',	1,	145,	NULL,	426,	'2019-05-16 08:18:23',	'2019-05-16 08:18:23',	5),
('https://encrypted-tbn0.gstatic.com/images?q=tbn:ANd9GcSmzgM4JjoqLebziMKL4gfa-vSjZN6blJ8YN10VYXNjZKmlIA6ASA',	2,	146,	NULL,	427,	'2019-05-16 08:18:23',	'2019-05-16 08:18:23',	5),
('https://encrypted-tbn0.gstatic.com/images?q=tbn:ANd9GcSmzgM4JjoqLebziMKL4gfa-vSjZN6blJ8YN10VYXNjZKmlIA6ASA',	1,	147,	NULL,	428,	'2019-05-16 08:18:23',	'2019-05-16 08:18:23',	5),
('https://encrypted-tbn0.gstatic.com/images?q=tbn:ANd9GcSmzgM4JjoqLebziMKL4gfa-vSjZN6blJ8YN10VYXNjZKmlIA6ASA',	2,	148,	NULL,	429,	'2019-05-16 08:18:23',	'2019-05-16 08:18:23',	5),
('https://encrypted-tbn0.gstatic.com/images?q=tbn:ANd9GcSmzgM4JjoqLebziMKL4gfa-vSjZN6blJ8YN10VYXNjZKmlIA6ASA',	1,	149,	NULL,	430,	'2019-05-16 08:18:23',	'2019-05-16 08:18:23',	5),
('https://encrypted-tbn0.gstatic.com/images?q=tbn:ANd9GcSmzgM4JjoqLebziMKL4gfa-vSjZN6blJ8YN10VYXNjZKmlIA6ASA',	2,	150,	NULL,	431,	'2019-05-16 08:18:23',	'2019-05-16 08:18:23',	5),
('https://encrypted-tbn0.gstatic.com/images?q=tbn:ANd9GcSmzgM4JjoqLebziMKL4gfa-vSjZN6blJ8YN10VYXNjZKmlIA6ASA',	1,	151,	NULL,	432,	'2019-05-16 08:18:23',	'2019-05-16 08:18:23',	5),
('https://encrypted-tbn0.gstatic.com/images?q=tbn:ANd9GcSmzgM4JjoqLebziMKL4gfa-vSjZN6blJ8YN10VYXNjZKmlIA6ASA',	2,	152,	NULL,	433,	'2019-05-16 08:18:23',	'2019-05-16 08:18:23',	5),
('https://encrypted-tbn0.gstatic.com/images?q=tbn:ANd9GcSmzgM4JjoqLebziMKL4gfa-vSjZN6blJ8YN10VYXNjZKmlIA6ASA',	1,	153,	NULL,	434,	'2019-05-16 08:18:23',	'2019-05-16 08:18:23',	5),
('https://encrypted-tbn0.gstatic.com/images?q=tbn:ANd9GcSmzgM4JjoqLebziMKL4gfa-vSjZN6blJ8YN10VYXNjZKmlIA6ASA',	2,	154,	NULL,	435,	'2019-05-16 08:18:23',	'2019-05-16 08:18:23',	5),
('https://encrypted-tbn0.gstatic.com/images?q=tbn:ANd9GcSmzgM4JjoqLebziMKL4gfa-vSjZN6blJ8YN10VYXNjZKmlIA6ASA',	1,	155,	NULL,	436,	'2019-05-16 08:18:23',	'2019-05-16 08:18:23',	5),
('https://encrypted-tbn0.gstatic.com/images?q=tbn:ANd9GcSmzgM4JjoqLebziMKL4gfa-vSjZN6blJ8YN10VYXNjZKmlIA6ASA',	2,	156,	NULL,	437,	'2019-05-16 08:18:23',	'2019-05-16 08:18:23',	5),
('https://encrypted-tbn0.gstatic.com/images?q=tbn:ANd9GcSmzgM4JjoqLebziMKL4gfa-vSjZN6blJ8YN10VYXNjZKmlIA6ASA',	1,	5,	NULL,	292,	'2019-05-16 08:18:23',	'2019-05-16 08:18:23',	5),
('https://encrypted-tbn0.gstatic.com/images?q=tbn:ANd9GcSmzgM4JjoqLebziMKL4gfa-vSjZN6blJ8YN10VYXNjZKmlIA6ASA',	2,	6,	NULL,	293,	'2019-05-16 08:18:23',	'2019-05-16 08:18:23',	5),
('https://encrypted-tbn0.gstatic.com/images?q=tbn:ANd9GcSmzgM4JjoqLebziMKL4gfa-vSjZN6blJ8YN10VYXNjZKmlIA6ASA',	1,	7,	NULL,	294,	'2019-05-16 08:18:23',	'2019-05-16 08:18:23',	5),
('https://encrypted-tbn0.gstatic.com/images?q=tbn:ANd9GcSmzgM4JjoqLebziMKL4gfa-vSjZN6blJ8YN10VYXNjZKmlIA6ASA',	2,	8,	NULL,	295,	'2019-05-16 08:18:23',	'2019-05-16 08:18:23',	5),
('https://encrypted-tbn0.gstatic.com/images?q=tbn:ANd9GcSmzgM4JjoqLebziMKL4gfa-vSjZN6blJ8YN10VYXNjZKmlIA6ASA',	1,	9,	NULL,	296,	'2019-05-16 08:18:23',	'2019-05-16 08:18:23',	5),
('https://encrypted-tbn0.gstatic.com/images?q=tbn:ANd9GcSmzgM4JjoqLebziMKL4gfa-vSjZN6blJ8YN10VYXNjZKmlIA6ASA',	2,	10,	NULL,	297,	'2019-05-16 08:18:23',	'2019-05-16 08:18:23',	5),
('https://encrypted-tbn0.gstatic.com/images?q=tbn:ANd9GcSmzgM4JjoqLebziMKL4gfa-vSjZN6blJ8YN10VYXNjZKmlIA6ASA',	1,	11,	NULL,	298,	'2019-05-16 08:18:23',	'2019-05-16 08:18:23',	5),
('https://encrypted-tbn0.gstatic.com/images?q=tbn:ANd9GcSmzgM4JjoqLebziMKL4gfa-vSjZN6blJ8YN10VYXNjZKmlIA6ASA',	2,	12,	NULL,	299,	'2019-05-16 08:18:23',	'2019-05-16 08:18:23',	5),
('https://encrypted-tbn0.gstatic.com/images?q=tbn:ANd9GcSmzgM4JjoqLebziMKL4gfa-vSjZN6blJ8YN10VYXNjZKmlIA6ASA',	1,	13,	NULL,	300,	'2019-05-16 08:18:23',	'2019-05-16 08:18:23',	5),
('https://encrypted-tbn0.gstatic.com/images?q=tbn:ANd9GcSmzgM4JjoqLebziMKL4gfa-vSjZN6blJ8YN10VYXNjZKmlIA6ASA',	2,	14,	NULL,	301,	'2019-05-16 08:18:23',	'2019-05-16 08:18:23',	5),
('https://encrypted-tbn0.gstatic.com/images?q=tbn:ANd9GcSmzgM4JjoqLebziMKL4gfa-vSjZN6blJ8YN10VYXNjZKmlIA6ASA',	1,	15,	NULL,	302,	'2019-05-16 08:18:23',	'2019-05-16 08:18:23',	5),
('https://encrypted-tbn0.gstatic.com/images?q=tbn:ANd9GcSmzgM4JjoqLebziMKL4gfa-vSjZN6blJ8YN10VYXNjZKmlIA6ASA',	2,	16,	NULL,	303,	'2019-05-16 08:18:23',	'2019-05-16 08:18:23',	5),
('https://encrypted-tbn0.gstatic.com/images?q=tbn:ANd9GcSmzgM4JjoqLebziMKL4gfa-vSjZN6blJ8YN10VYXNjZKmlIA6ASA',	1,	17,	NULL,	304,	'2019-05-16 08:18:23',	'2019-05-16 08:18:23',	5),
('https://encrypted-tbn0.gstatic.com/images?q=tbn:ANd9GcSmzgM4JjoqLebziMKL4gfa-vSjZN6blJ8YN10VYXNjZKmlIA6ASA',	2,	18,	NULL,	305,	'2019-05-16 08:18:23',	'2019-05-16 08:18:23',	5),
('https://encrypted-tbn0.gstatic.com/images?q=tbn:ANd9GcSmzgM4JjoqLebziMKL4gfa-vSjZN6blJ8YN10VYXNjZKmlIA6ASA',	1,	19,	NULL,	306,	'2019-05-16 08:18:23',	'2019-05-16 08:18:23',	5),
('https://encrypted-tbn0.gstatic.com/images?q=tbn:ANd9GcSmzgM4JjoqLebziMKL4gfa-vSjZN6blJ8YN10VYXNjZKmlIA6ASA',	2,	20,	NULL,	307,	'2019-05-16 08:18:23',	'2019-05-16 08:18:23',	5),
('https://encrypted-tbn0.gstatic.com/images?q=tbn:ANd9GcSmzgM4JjoqLebziMKL4gfa-vSjZN6blJ8YN10VYXNjZKmlIA6ASA',	1,	21,	NULL,	308,	'2019-05-16 08:18:23',	'2019-05-16 08:18:23',	5),
('https://encrypted-tbn0.gstatic.com/images?q=tbn:ANd9GcSmzgM4JjoqLebziMKL4gfa-vSjZN6blJ8YN10VYXNjZKmlIA6ASA',	2,	22,	NULL,	309,	'2019-05-16 08:18:23',	'2019-05-16 08:18:23',	5),
('https://encrypted-tbn0.gstatic.com/images?q=tbn:ANd9GcSmzgM4JjoqLebziMKL4gfa-vSjZN6blJ8YN10VYXNjZKmlIA6ASA',	1,	23,	NULL,	310,	'2019-05-16 08:18:23',	'2019-05-16 08:18:23',	5),
('https://encrypted-tbn0.gstatic.com/images?q=tbn:ANd9GcSmzgM4JjoqLebziMKL4gfa-vSjZN6blJ8YN10VYXNjZKmlIA6ASA',	2,	24,	NULL,	311,	'2019-05-16 08:18:23',	'2019-05-16 08:18:23',	5),
('https://encrypted-tbn0.gstatic.com/images?q=tbn:ANd9GcSmzgM4JjoqLebziMKL4gfa-vSjZN6blJ8YN10VYXNjZKmlIA6ASA',	1,	25,	NULL,	312,	'2019-05-16 08:18:23',	'2019-05-16 08:18:23',	5),
('https://encrypted-tbn0.gstatic.com/images?q=tbn:ANd9GcSmzgM4JjoqLebziMKL4gfa-vSjZN6blJ8YN10VYXNjZKmlIA6ASA',	2,	26,	NULL,	313,	'2019-05-16 08:18:23',	'2019-05-16 08:18:23',	5),
('https://encrypted-tbn0.gstatic.com/images?q=tbn:ANd9GcSmzgM4JjoqLebziMKL4gfa-vSjZN6blJ8YN10VYXNjZKmlIA6ASA',	1,	27,	NULL,	314,	'2019-05-16 08:18:23',	'2019-05-16 08:18:23',	5),
('https://encrypted-tbn0.gstatic.com/images?q=tbn:ANd9GcSmzgM4JjoqLebziMKL4gfa-vSjZN6blJ8YN10VYXNjZKmlIA6ASA',	2,	28,	NULL,	315,	'2019-05-16 08:18:23',	'2019-05-16 08:18:23',	5),
('https://encrypted-tbn0.gstatic.com/images?q=tbn:ANd9GcSmzgM4JjoqLebziMKL4gfa-vSjZN6blJ8YN10VYXNjZKmlIA6ASA',	1,	29,	NULL,	316,	'2019-05-16 08:18:23',	'2019-05-16 08:18:23',	5),
('https://encrypted-tbn0.gstatic.com/images?q=tbn:ANd9GcSmzgM4JjoqLebziMKL4gfa-vSjZN6blJ8YN10VYXNjZKmlIA6ASA',	2,	30,	NULL,	317,	'2019-05-16 08:18:23',	'2019-05-16 08:18:23',	5),
('https://encrypted-tbn0.gstatic.com/images?q=tbn:ANd9GcSmzgM4JjoqLebziMKL4gfa-vSjZN6blJ8YN10VYXNjZKmlIA6ASA',	1,	31,	NULL,	318,	'2019-05-16 08:18:23',	'2019-05-16 08:18:23',	5),
('https://encrypted-tbn0.gstatic.com/images?q=tbn:ANd9GcSmzgM4JjoqLebziMKL4gfa-vSjZN6blJ8YN10VYXNjZKmlIA6ASA',	2,	32,	NULL,	319,	'2019-05-16 08:18:23',	'2019-05-16 08:18:23',	5),
('https://encrypted-tbn0.gstatic.com/images?q=tbn:ANd9GcSmzgM4JjoqLebziMKL4gfa-vSjZN6blJ8YN10VYXNjZKmlIA6ASA',	1,	33,	NULL,	320,	'2019-05-16 08:18:23',	'2019-05-16 08:18:23',	5),
('https://encrypted-tbn0.gstatic.com/images?q=tbn:ANd9GcSmzgM4JjoqLebziMKL4gfa-vSjZN6blJ8YN10VYXNjZKmlIA6ASA',	2,	34,	NULL,	321,	'2019-05-16 08:18:23',	'2019-05-16 08:18:23',	5),
('https://encrypted-tbn0.gstatic.com/images?q=tbn:ANd9GcSmzgM4JjoqLebziMKL4gfa-vSjZN6blJ8YN10VYXNjZKmlIA6ASA',	1,	35,	NULL,	322,	'2019-05-16 08:18:23',	'2019-05-16 08:18:23',	5),
('https://encrypted-tbn0.gstatic.com/images?q=tbn:ANd9GcSmzgM4JjoqLebziMKL4gfa-vSjZN6blJ8YN10VYXNjZKmlIA6ASA',	2,	36,	NULL,	323,	'2019-05-16 08:18:23',	'2019-05-16 08:18:23',	5),
('https://encrypted-tbn0.gstatic.com/images?q=tbn:ANd9GcSmzgM4JjoqLebziMKL4gfa-vSjZN6blJ8YN10VYXNjZKmlIA6ASA',	1,	37,	NULL,	324,	'2019-05-16 08:18:23',	'2019-05-16 08:18:23',	5),
('https://encrypted-tbn0.gstatic.com/images?q=tbn:ANd9GcSmzgM4JjoqLebziMKL4gfa-vSjZN6blJ8YN10VYXNjZKmlIA6ASA',	2,	38,	NULL,	325,	'2019-05-16 08:18:23',	'2019-05-16 08:18:23',	5),
('https://encrypted-tbn0.gstatic.com/images?q=tbn:ANd9GcSmzgM4JjoqLebziMKL4gfa-vSjZN6blJ8YN10VYXNjZKmlIA6ASA',	1,	39,	NULL,	326,	'2019-05-16 08:18:23',	'2019-05-16 08:18:23',	5),
('https://encrypted-tbn0.gstatic.com/images?q=tbn:ANd9GcSmzgM4JjoqLebziMKL4gfa-vSjZN6blJ8YN10VYXNjZKmlIA6ASA',	2,	40,	NULL,	327,	'2019-05-16 08:18:23',	'2019-05-16 08:18:23',	5),
('https://encrypted-tbn0.gstatic.com/images?q=tbn:ANd9GcSmzgM4JjoqLebziMKL4gfa-vSjZN6blJ8YN10VYXNjZKmlIA6ASA',	1,	41,	NULL,	328,	'2019-05-16 08:18:23',	'2019-05-16 08:18:23',	5),
('https://encrypted-tbn0.gstatic.com/images?q=tbn:ANd9GcSmzgM4JjoqLebziMKL4gfa-vSjZN6blJ8YN10VYXNjZKmlIA6ASA',	2,	42,	NULL,	329,	'2019-05-16 08:18:23',	'2019-05-16 08:18:23',	5),
('https://encrypted-tbn0.gstatic.com/images?q=tbn:ANd9GcSmzgM4JjoqLebziMKL4gfa-vSjZN6blJ8YN10VYXNjZKmlIA6ASA',	1,	43,	NULL,	330,	'2019-05-16 08:18:23',	'2019-05-16 08:18:23',	5),
('https://encrypted-tbn0.gstatic.com/images?q=tbn:ANd9GcSmzgM4JjoqLebziMKL4gfa-vSjZN6blJ8YN10VYXNjZKmlIA6ASA',	2,	44,	NULL,	331,	'2019-05-16 08:18:23',	'2019-05-16 08:18:23',	5),
('https://encrypted-tbn0.gstatic.com/images?q=tbn:ANd9GcSmzgM4JjoqLebziMKL4gfa-vSjZN6blJ8YN10VYXNjZKmlIA6ASA',	1,	45,	NULL,	332,	'2019-05-16 08:18:23',	'2019-05-16 08:18:23',	5),
('https://encrypted-tbn0.gstatic.com/images?q=tbn:ANd9GcSmzgM4JjoqLebziMKL4gfa-vSjZN6blJ8YN10VYXNjZKmlIA6ASA',	2,	46,	NULL,	333,	'2019-05-16 08:18:23',	'2019-05-16 08:18:23',	5),
('https://encrypted-tbn0.gstatic.com/images?q=tbn:ANd9GcSmzgM4JjoqLebziMKL4gfa-vSjZN6blJ8YN10VYXNjZKmlIA6ASA',	1,	47,	NULL,	334,	'2019-05-16 08:18:23',	'2019-05-16 08:18:23',	5),
('https://encrypted-tbn0.gstatic.com/images?q=tbn:ANd9GcSmzgM4JjoqLebziMKL4gfa-vSjZN6blJ8YN10VYXNjZKmlIA6ASA',	2,	48,	NULL,	335,	'2019-05-16 08:18:23',	'2019-05-16 08:18:23',	5),
('https://encrypted-tbn0.gstatic.com/images?q=tbn:ANd9GcSmzgM4JjoqLebziMKL4gfa-vSjZN6blJ8YN10VYXNjZKmlIA6ASA',	1,	49,	NULL,	336,	'2019-05-16 08:18:23',	'2019-05-16 08:18:23',	5),
('https://encrypted-tbn0.gstatic.com/images?q=tbn:ANd9GcSmzgM4JjoqLebziMKL4gfa-vSjZN6blJ8YN10VYXNjZKmlIA6ASA',	2,	50,	NULL,	337,	'2019-05-16 08:18:23',	'2019-05-16 08:18:23',	5),
('https://encrypted-tbn0.gstatic.com/images?q=tbn:ANd9GcSmzgM4JjoqLebziMKL4gfa-vSjZN6blJ8YN10VYXNjZKmlIA6ASA',	1,	51,	NULL,	338,	'2019-05-16 08:18:23',	'2019-05-16 08:18:23',	5),
('https://encrypted-tbn0.gstatic.com/images?q=tbn:ANd9GcSmzgM4JjoqLebziMKL4gfa-vSjZN6blJ8YN10VYXNjZKmlIA6ASA',	2,	52,	NULL,	339,	'2019-05-16 08:18:23',	'2019-05-16 08:18:23',	5),
('https://encrypted-tbn0.gstatic.com/images?q=tbn:ANd9GcSmzgM4JjoqLebziMKL4gfa-vSjZN6blJ8YN10VYXNjZKmlIA6ASA',	1,	53,	NULL,	340,	'2019-05-16 08:18:23',	'2019-05-16 08:18:23',	5),
('https://encrypted-tbn0.gstatic.com/images?q=tbn:ANd9GcSmzgM4JjoqLebziMKL4gfa-vSjZN6blJ8YN10VYXNjZKmlIA6ASA',	2,	54,	NULL,	341,	'2019-05-16 08:18:23',	'2019-05-16 08:18:23',	5),
('https://encrypted-tbn0.gstatic.com/images?q=tbn:ANd9GcSmzgM4JjoqLebziMKL4gfa-vSjZN6blJ8YN10VYXNjZKmlIA6ASA',	1,	55,	NULL,	342,	'2019-05-16 08:18:23',	'2019-05-16 08:18:23',	5),
('https://encrypted-tbn0.gstatic.com/images?q=tbn:ANd9GcSmzgM4JjoqLebziMKL4gfa-vSjZN6blJ8YN10VYXNjZKmlIA6ASA',	2,	56,	NULL,	343,	'2019-05-16 08:18:23',	'2019-05-16 08:18:23',	5),
('https://encrypted-tbn0.gstatic.com/images?q=tbn:ANd9GcSmzgM4JjoqLebziMKL4gfa-vSjZN6blJ8YN10VYXNjZKmlIA6ASA',	1,	57,	NULL,	344,	'2019-05-16 08:18:23',	'2019-05-16 08:18:23',	5),
('https://encrypted-tbn0.gstatic.com/images?q=tbn:ANd9GcSmzgM4JjoqLebziMKL4gfa-vSjZN6blJ8YN10VYXNjZKmlIA6ASA',	2,	58,	NULL,	345,	'2019-05-16 08:18:23',	'2019-05-16 08:18:23',	5),
('https://encrypted-tbn0.gstatic.com/images?q=tbn:ANd9GcSmzgM4JjoqLebziMKL4gfa-vSjZN6blJ8YN10VYXNjZKmlIA6ASA',	1,	59,	NULL,	346,	'2019-05-16 08:18:23',	'2019-05-16 08:18:23',	5),
('https://encrypted-tbn0.gstatic.com/images?q=tbn:ANd9GcSmzgM4JjoqLebziMKL4gfa-vSjZN6blJ8YN10VYXNjZKmlIA6ASA',	2,	60,	NULL,	347,	'2019-05-16 08:18:23',	'2019-05-16 08:18:23',	5),
('https://encrypted-tbn0.gstatic.com/images?q=tbn:ANd9GcSmzgM4JjoqLebziMKL4gfa-vSjZN6blJ8YN10VYXNjZKmlIA6ASA',	1,	61,	NULL,	348,	'2019-05-16 08:18:23',	'2019-05-16 08:18:23',	5),
('https://encrypted-tbn0.gstatic.com/images?q=tbn:ANd9GcSmzgM4JjoqLebziMKL4gfa-vSjZN6blJ8YN10VYXNjZKmlIA6ASA',	2,	62,	NULL,	349,	'2019-05-16 08:18:23',	'2019-05-16 08:18:23',	5),
('https://encrypted-tbn0.gstatic.com/images?q=tbn:ANd9GcSmzgM4JjoqLebziMKL4gfa-vSjZN6blJ8YN10VYXNjZKmlIA6ASA',	1,	63,	NULL,	350,	'2019-05-16 08:18:23',	'2019-05-16 08:18:23',	5),
('https://encrypted-tbn0.gstatic.com/images?q=tbn:ANd9GcSmzgM4JjoqLebziMKL4gfa-vSjZN6blJ8YN10VYXNjZKmlIA6ASA',	2,	64,	NULL,	351,	'2019-05-16 08:18:23',	'2019-05-16 08:18:23',	5),
('https://encrypted-tbn0.gstatic.com/images?q=tbn:ANd9GcSmzgM4JjoqLebziMKL4gfa-vSjZN6blJ8YN10VYXNjZKmlIA6ASA',	1,	65,	NULL,	352,	'2019-05-16 08:18:23',	'2019-05-16 08:18:23',	5),
('https://encrypted-tbn0.gstatic.com/images?q=tbn:ANd9GcSmzgM4JjoqLebziMKL4gfa-vSjZN6blJ8YN10VYXNjZKmlIA6ASA',	2,	66,	NULL,	353,	'2019-05-16 08:18:23',	'2019-05-16 08:18:23',	5),
('https://encrypted-tbn0.gstatic.com/images?q=tbn:ANd9GcSmzgM4JjoqLebziMKL4gfa-vSjZN6blJ8YN10VYXNjZKmlIA6ASA',	1,	67,	NULL,	354,	'2019-05-16 08:18:23',	'2019-05-16 08:18:23',	5),
('https://encrypted-tbn0.gstatic.com/images?q=tbn:ANd9GcSmzgM4JjoqLebziMKL4gfa-vSjZN6blJ8YN10VYXNjZKmlIA6ASA',	2,	68,	NULL,	355,	'2019-05-16 08:18:23',	'2019-05-16 08:18:23',	5),
('https://encrypted-tbn0.gstatic.com/images?q=tbn:ANd9GcSmzgM4JjoqLebziMKL4gfa-vSjZN6blJ8YN10VYXNjZKmlIA6ASA',	1,	69,	NULL,	356,	'2019-05-16 08:18:23',	'2019-05-16 08:18:23',	5),
('https://encrypted-tbn0.gstatic.com/images?q=tbn:ANd9GcSmzgM4JjoqLebziMKL4gfa-vSjZN6blJ8YN10VYXNjZKmlIA6ASA',	2,	70,	NULL,	357,	'2019-05-16 08:18:23',	'2019-05-16 08:18:23',	5),
('https://encrypted-tbn0.gstatic.com/images?q=tbn:ANd9GcSmzgM4JjoqLebziMKL4gfa-vSjZN6blJ8YN10VYXNjZKmlIA6ASA',	1,	71,	NULL,	358,	'2019-05-16 08:18:23',	'2019-05-16 08:18:23',	5),
('https://encrypted-tbn0.gstatic.com/images?q=tbn:ANd9GcSmzgM4JjoqLebziMKL4gfa-vSjZN6blJ8YN10VYXNjZKmlIA6ASA',	2,	72,	NULL,	359,	'2019-05-16 08:18:23',	'2019-05-16 08:18:23',	5),
('https://encrypted-tbn0.gstatic.com/images?q=tbn:ANd9GcSmzgM4JjoqLebziMKL4gfa-vSjZN6blJ8YN10VYXNjZKmlIA6ASA',	1,	73,	NULL,	360,	'2019-05-16 08:18:23',	'2019-05-16 08:18:23',	5),
('https://encrypted-tbn0.gstatic.com/images?q=tbn:ANd9GcSmzgM4JjoqLebziMKL4gfa-vSjZN6blJ8YN10VYXNjZKmlIA6ASA',	2,	74,	NULL,	361,	'2019-05-16 08:18:23',	'2019-05-16 08:18:23',	5),
('https://encrypted-tbn0.gstatic.com/images?q=tbn:ANd9GcSmzgM4JjoqLebziMKL4gfa-vSjZN6blJ8YN10VYXNjZKmlIA6ASA',	1,	75,	NULL,	362,	'2019-05-16 08:18:23',	'2019-05-16 08:18:23',	5),
('https://encrypted-tbn0.gstatic.com/images?q=tbn:ANd9GcSmzgM4JjoqLebziMKL4gfa-vSjZN6blJ8YN10VYXNjZKmlIA6ASA',	2,	76,	NULL,	363,	'2019-05-16 08:18:23',	'2019-05-16 08:18:23',	5),
('https://encrypted-tbn0.gstatic.com/images?q=tbn:ANd9GcSmzgM4JjoqLebziMKL4gfa-vSjZN6blJ8YN10VYXNjZKmlIA6ASA',	1,	77,	NULL,	364,	'2019-05-16 08:18:23',	'2019-05-16 08:18:23',	5),
('https://encrypted-tbn0.gstatic.com/images?q=tbn:ANd9GcSmzgM4JjoqLebziMKL4gfa-vSjZN6blJ8YN10VYXNjZKmlIA6ASA',	2,	78,	NULL,	365,	'2019-05-16 08:18:23',	'2019-05-16 08:18:23',	5),
('https://encrypted-tbn0.gstatic.com/images?q=tbn:ANd9GcSmzgM4JjoqLebziMKL4gfa-vSjZN6blJ8YN10VYXNjZKmlIA6ASA',	1,	79,	NULL,	366,	'2019-05-16 08:18:23',	'2019-05-16 08:18:23',	5),
('https://encrypted-tbn0.gstatic.com/images?q=tbn:ANd9GcSmzgM4JjoqLebziMKL4gfa-vSjZN6blJ8YN10VYXNjZKmlIA6ASA',	2,	80,	NULL,	367,	'2019-05-16 08:18:23',	'2019-05-16 08:18:23',	5),
('https://encrypted-tbn0.gstatic.com/images?q=tbn:ANd9GcSmzgM4JjoqLebziMKL4gfa-vSjZN6blJ8YN10VYXNjZKmlIA6ASA',	1,	81,	NULL,	368,	'2019-05-16 08:18:23',	'2019-05-16 08:18:23',	5),
('https://encrypted-tbn0.gstatic.com/images?q=tbn:ANd9GcSmzgM4JjoqLebziMKL4gfa-vSjZN6blJ8YN10VYXNjZKmlIA6ASA',	2,	82,	NULL,	369,	'2019-05-16 08:18:23',	'2019-05-16 08:18:23',	5),
('https://encrypted-tbn0.gstatic.com/images?q=tbn:ANd9GcSmzgM4JjoqLebziMKL4gfa-vSjZN6blJ8YN10VYXNjZKmlIA6ASA',	1,	83,	NULL,	370,	'2019-05-16 08:18:23',	'2019-05-16 08:18:23',	5),
('https://encrypted-tbn0.gstatic.com/images?q=tbn:ANd9GcSmzgM4JjoqLebziMKL4gfa-vSjZN6blJ8YN10VYXNjZKmlIA6ASA',	2,	84,	NULL,	371,	'2019-05-16 08:18:23',	'2019-05-16 08:18:23',	5),
('https://encrypted-tbn0.gstatic.com/images?q=tbn:ANd9GcSmzgM4JjoqLebziMKL4gfa-vSjZN6blJ8YN10VYXNjZKmlIA6ASA',	1,	85,	NULL,	372,	'2019-05-16 08:18:23',	'2019-05-16 08:18:23',	5),
('https://encrypted-tbn0.gstatic.com/images?q=tbn:ANd9GcSmzgM4JjoqLebziMKL4gfa-vSjZN6blJ8YN10VYXNjZKmlIA6ASA',	2,	86,	NULL,	373,	'2019-05-16 08:18:23',	'2019-05-16 08:18:23',	5),
('https://encrypted-tbn0.gstatic.com/images?q=tbn:ANd9GcSmzgM4JjoqLebziMKL4gfa-vSjZN6blJ8YN10VYXNjZKmlIA6ASA',	1,	87,	NULL,	374,	'2019-05-16 08:18:23',	'2019-05-16 08:18:23',	5),
('https://encrypted-tbn0.gstatic.com/images?q=tbn:ANd9GcSmzgM4JjoqLebziMKL4gfa-vSjZN6blJ8YN10VYXNjZKmlIA6ASA',	2,	88,	NULL,	375,	'2019-05-16 08:18:23',	'2019-05-16 08:18:23',	5),
('https://encrypted-tbn0.gstatic.com/images?q=tbn:ANd9GcSmzgM4JjoqLebziMKL4gfa-vSjZN6blJ8YN10VYXNjZKmlIA6ASA',	1,	89,	NULL,	376,	'2019-05-16 08:18:23',	'2019-05-16 08:18:23',	5),
('https://encrypted-tbn0.gstatic.com/images?q=tbn:ANd9GcSmzgM4JjoqLebziMKL4gfa-vSjZN6blJ8YN10VYXNjZKmlIA6ASA',	2,	90,	NULL,	377,	'2019-05-16 08:18:23',	'2019-05-16 08:18:23',	5),
('https://encrypted-tbn0.gstatic.com/images?q=tbn:ANd9GcSmzgM4JjoqLebziMKL4gfa-vSjZN6blJ8YN10VYXNjZKmlIA6ASA',	1,	91,	NULL,	378,	'2019-05-16 08:18:23',	'2019-05-16 08:18:23',	5),
('https://encrypted-tbn0.gstatic.com/images?q=tbn:ANd9GcSmzgM4JjoqLebziMKL4gfa-vSjZN6blJ8YN10VYXNjZKmlIA6ASA',	2,	92,	NULL,	379,	'2019-05-16 08:18:23',	'2019-05-16 08:18:23',	5),
('https://encrypted-tbn0.gstatic.com/images?q=tbn:ANd9GcSmzgM4JjoqLebziMKL4gfa-vSjZN6blJ8YN10VYXNjZKmlIA6ASA',	1,	93,	NULL,	380,	'2019-05-16 08:18:23',	'2019-05-16 08:18:23',	5),
('https://encrypted-tbn0.gstatic.com/images?q=tbn:ANd9GcSmzgM4JjoqLebziMKL4gfa-vSjZN6blJ8YN10VYXNjZKmlIA6ASA',	2,	94,	NULL,	381,	'2019-05-16 08:18:23',	'2019-05-16 08:18:23',	5),
('https://encrypted-tbn0.gstatic.com/images?q=tbn:ANd9GcSmzgM4JjoqLebziMKL4gfa-vSjZN6blJ8YN10VYXNjZKmlIA6ASA',	1,	95,	NULL,	382,	'2019-05-16 08:18:23',	'2019-05-16 08:18:23',	5),
('https://encrypted-tbn0.gstatic.com/images?q=tbn:ANd9GcSmzgM4JjoqLebziMKL4gfa-vSjZN6blJ8YN10VYXNjZKmlIA6ASA',	2,	96,	NULL,	383,	'2019-05-16 08:18:23',	'2019-05-16 08:18:23',	5),
('https://encrypted-tbn0.gstatic.com/images?q=tbn:ANd9GcSmzgM4JjoqLebziMKL4gfa-vSjZN6blJ8YN10VYXNjZKmlIA6ASA',	1,	97,	NULL,	384,	'2019-05-16 08:18:23',	'2019-05-16 08:18:23',	5),
('https://encrypted-tbn0.gstatic.com/images?q=tbn:ANd9GcSmzgM4JjoqLebziMKL4gfa-vSjZN6blJ8YN10VYXNjZKmlIA6ASA',	2,	98,	NULL,	385,	'2019-05-16 08:18:23',	'2019-05-16 08:18:23',	5),
('https://encrypted-tbn0.gstatic.com/images?q=tbn:ANd9GcSmzgM4JjoqLebziMKL4gfa-vSjZN6blJ8YN10VYXNjZKmlIA6ASA',	1,	99,	NULL,	386,	'2019-05-16 08:18:23',	'2019-05-16 08:18:23',	5);

DROP TABLE IF EXISTS "List";
DROP SEQUENCE IF EXISTS "List_id_seq";
CREATE SEQUENCE "List_id_seq" INCREMENT  MINVALUE  MAXVALUE  START 1 CACHE ;

CREATE TABLE "public"."List" (
    "id" integer DEFAULT nextval('"List_id_seq"') NOT NULL,
    "name" character varying(255) NOT NULL,
    "description" character varying(255),
    "created_at" timestamp NOT NULL,
    "updated_at" timestamp NOT NULL,
    "user_id" integer NOT NULL,
    CONSTRAINT "List_id" PRIMARY KEY ("id"),
    CONSTRAINT "List_user_id_fkey" FOREIGN KEY (user_id) REFERENCES "User"(id) ON UPDATE CASCADE ON DELETE CASCADE NOT DEFERRABLE
) WITH (oids = false);

INSERT INTO "List" ("id", "name", "description", "created_at", "updated_at", "user_id") VALUES
(73,	'Lista Ejemplo 1',	'Ejemplo',	'2019-06-03 12:02:16',	'2019-06-03 12:02:16',	5),
(75,	'testinggg',	'testingListDescription',	'2019-06-05 11:54:51',	'2019-06-05 15:55:59',	57),
(82,	'lista_creada_por_ach',	'test',	'2019-06-07 10:35:36',	'2019-06-07 10:35:36',	5);

DROP TABLE IF EXISTS "List_has_Film";
CREATE TABLE "public"."List_has_Film" (
    "list_id" integer NOT NULL,
    "film_id" integer NOT NULL,
    CONSTRAINT "List_has_Film_film_id_list_id" PRIMARY KEY ("film_id", "list_id"),
    CONSTRAINT "List_has_Film_film_id_fkey" FOREIGN KEY (film_id) REFERENCES "Film"(id) ON UPDATE CASCADE ON DELETE CASCADE NOT DEFERRABLE,
    CONSTRAINT "List_has_Film_list_id_fkey" FOREIGN KEY (list_id) REFERENCES "List"(id) ON UPDATE CASCADE ON DELETE CASCADE NOT DEFERRABLE
) WITH (oids = false);

INSERT INTO "List_has_Film" ("list_id", "film_id") VALUES
(73,	12),
(73,	7),
(73,	15),
(73,	16),
(73,	6),
(73,	5),
(73,	4),
(75,	5),
(75,	12),
(75,	8),
(73,	18),
(73,	23),
(73,	17),
(73,	21),
(73,	20),
(73,	25),
(73,	13),
(73,	30),
(73,	29),
(73,	28),
(73,	27),
(73,	26),
(73,	14),
(73,	11),
(73,	9),
(73,	10),
(73,	19),
(73,	22),
(82,	4);

DROP TABLE IF EXISTS "List_has_Serie";
CREATE TABLE "public"."List_has_Serie" (
    "list_id" integer NOT NULL,
    "serie_id" integer NOT NULL,
    CONSTRAINT "List_has_Serie_list_id_serie_id" PRIMARY KEY ("list_id", "serie_id"),
    CONSTRAINT "List_has_Serie_list_id_fkey" FOREIGN KEY (list_id) REFERENCES "List"(id) ON UPDATE CASCADE ON DELETE CASCADE NOT DEFERRABLE,
    CONSTRAINT "List_has_Serie_serie_id_fkey" FOREIGN KEY (serie_id) REFERENCES "Serie"(id) ON UPDATE CASCADE ON DELETE CASCADE NOT DEFERRABLE
) WITH (oids = false);

INSERT INTO "List_has_Serie" ("list_id", "serie_id") VALUES
(73,	16),
(73,	19),
(73,	22),
(75,	18),
(75,	19),
(75,	20),
(75,	9),
(75,	10),
(75,	11),
(75,	34),
(75,	42),
(75,	16),
(73,	34);

DROP TABLE IF EXISTS "Perms";
DROP SEQUENCE IF EXISTS perms_id_seq;
CREATE SEQUENCE perms_id_seq INCREMENT 1 MINVALUE 1 MAXVALUE 2147483647 START 1 CACHE 1;

CREATE TABLE "public"."Perms" (
    "id" integer DEFAULT nextval('perms_id_seq') NOT NULL,
    "name" character varying(45) NOT NULL,
    CONSTRAINT "perms_id" PRIMARY KEY ("id")
) WITH (oids = false);

INSERT INTO "Perms" ("id", "name") VALUES
(1,	'user'),
(2,	'contentCreator'),
(3,	'admin');

DROP TABLE IF EXISTS "PrivateMessage";
DROP SEQUENCE IF EXISTS "PrivateMessage_id_seq";
CREATE SEQUENCE "PrivateMessage_id_seq" INCREMENT  MINVALUE  MAXVALUE  START 1 CACHE ;

CREATE TABLE "public"."PrivateMessage" (
    "text" character varying NOT NULL,
    "created_at" timestamp NOT NULL,
    "sender_id" integer NOT NULL,
    "receiver_id" integer NOT NULL,
    "read" boolean DEFAULT false NOT NULL,
    "updated_at" timestamp NOT NULL,
    "id" integer DEFAULT nextval('"PrivateMessage_id_seq"') NOT NULL,
    CONSTRAINT "PrivateMessage_id" PRIMARY KEY ("id"),
    CONSTRAINT "PrivateMessage_id_user_fkey" FOREIGN KEY (sender_id) REFERENCES "User"(id) ON UPDATE CASCADE ON DELETE CASCADE NOT DEFERRABLE,
    CONSTRAINT "PrivateMessage_id_user_send_fkey" FOREIGN KEY (receiver_id) REFERENCES "User"(id) ON UPDATE CASCADE ON DELETE CASCADE NOT DEFERRABLE
) WITH (oids = false);

INSERT INTO "PrivateMessage" ("text", "created_at", "sender_id", "receiver_id", "read", "updated_at", "id") VALUES
('kjnlknklnkn',	'2019-06-06 09:35:08',	5,	34,	'f',	'2019-06-06 09:35:08',	12),
('hey',	'2019-06-06 08:08:02',	5,	26,	't',	'2019-06-06 08:08:02',	8),
('hi',	'2019-06-06 07:46:12',	5,	26,	't',	'2019-06-06 07:46:12',	7),
('adasda',	'2019-06-06 08:08:31',	5,	26,	't',	'2019-06-06 11:06:49',	9),
('kljk',	'2019-06-06 08:52:52',	5,	26,	't',	'2019-06-06 11:06:56',	10),
('asdasdsadsadasd',	'2019-01-01 00:00:00',	26,	5,	't',	'2019-06-06 11:08:18',	13),
('awdawd',	'2019-06-06 11:24:11',	5,	58,	'f',	'2019-06-06 11:24:11',	14),
('awdawdaw',	'2019-06-06 11:24:15',	5,	58,	'f',	'2019-06-06 11:24:15',	15),
('awdawdaw',	'2019-06-06 11:24:20',	5,	58,	'f',	'2019-06-06 11:24:20',	16),
('awdawdawd',	'2019-06-06 11:24:25',	5,	58,	'f',	'2019-06-06 11:24:25',	17),
('awdwdd',	'2019-06-06 11:24:29',	5,	58,	'f',	'2019-06-06 11:24:29',	18),
('awdwada',	'2019-06-06 11:24:33',	5,	58,	'f',	'2019-06-06 11:24:33',	19),
('awdawd',	'2019-06-06 11:24:41',	5,	58,	'f',	'2019-06-06 11:24:41',	21),
('awdawd',	'2019-06-06 11:24:44',	5,	58,	'f',	'2019-06-06 11:24:44',	22),
('awdaw',	'2019-06-06 11:24:48',	5,	58,	'f',	'2019-06-06 11:24:48',	23),
('adawdaw',	'2019-06-06 11:24:52',	5,	58,	'f',	'2019-06-06 11:24:52',	24),
('awdaw',	'2019-06-06 11:24:55',	5,	58,	'f',	'2019-06-06 11:24:55',	25),
('adawd',	'2019-06-06 11:24:58',	5,	58,	'f',	'2019-06-06 11:24:58',	26),
('awdaw',	'2019-06-06 11:25:03',	5,	58,	'f',	'2019-06-06 11:25:03',	27),
('awdawd',	'2019-06-06 11:25:06',	5,	58,	'f',	'2019-06-06 11:25:06',	28),
('awdawd',	'2019-06-06 11:25:10',	5,	58,	'f',	'2019-06-06 11:25:10',	29),
('adwawdaw',	'2019-06-06 11:25:14',	5,	58,	'f',	'2019-06-06 11:25:14',	30),
('awdawd',	'2019-06-06 11:25:18',	5,	58,	'f',	'2019-06-06 11:25:18',	31),
('awdawawd',	'2019-06-06 11:25:21',	5,	58,	'f',	'2019-06-06 11:25:21',	32),
('awdawd',	'2019-06-06 11:25:25',	5,	58,	'f',	'2019-06-06 11:25:25',	33),
('awdawdadw',	'2019-06-06 11:29:43',	57,	5,	'f',	'2019-06-06 11:29:43',	40),
('awdadawd',	'2019-06-06 11:29:47',	57,	5,	'f',	'2019-06-06 11:29:47',	41),
('awdawd',	'2019-06-06 11:29:16',	57,	5,	't',	'2019-06-06 11:30:56',	34),
('awdawd',	'2019-06-06 11:29:20',	57,	5,	't',	'2019-06-06 11:31:41',	35),
('awdawd',	'2019-06-06 11:29:24',	57,	5,	't',	'2019-06-06 11:31:44',	36),
('awdawdad',	'2019-06-06 11:29:28',	57,	5,	't',	'2019-06-06 11:31:48',	37),
('awdawd',	'2019-06-06 11:29:33',	57,	5,	't',	'2019-06-06 11:31:51',	38),
('asd',	'2019-06-06 11:36:37',	5,	34,	'f',	'2019-06-06 11:36:37',	52),
('awdawd',	'2019-06-06 11:30:27',	57,	5,	't',	'2019-06-06 11:50:33',	51),
('awddaw',	'2019-06-06 11:30:22',	57,	5,	't',	'2019-06-06 11:50:45',	50),
('awdawd',	'2019-06-06 11:30:18',	57,	5,	't',	'2019-06-06 11:50:53',	49),
('vfvvg',	'2019-06-06 12:05:32',	57,	34,	't',	'2019-06-06 12:11:14',	60),
('asd',	'2019-06-06 12:01:51',	57,	26,	't',	'2019-06-06 12:11:16',	59),
('awdawd',	'2019-06-06 11:30:15',	57,	5,	't',	'2019-06-06 15:02:26',	48),
('awdawda',	'2019-06-06 11:30:11',	57,	5,	't',	'2019-06-06 15:02:28',	47),
('awdawd',	'2019-06-06 11:30:07',	57,	5,	't',	'2019-06-06 15:12:53',	46),
('awdawdawd',	'2019-06-06 11:29:38',	57,	5,	't',	'2019-06-06 15:13:34',	39),
('awdadw',	'2019-06-06 11:30:02',	57,	5,	't',	'2019-06-06 16:59:01',	45),
('awdawd',	'2019-06-06 11:29:58',	57,	5,	't',	'2019-06-07 06:27:46',	44),
('adawdawd',	'2019-06-06 11:29:55',	57,	5,	't',	'2019-06-07 06:34:21',	43),
('Prueba',	'2019-06-07 08:07:12',	59,	5,	't',	'2019-06-07 08:07:35',	61),
('awdawdawd',	'2019-06-06 11:29:51',	57,	5,	't',	'2019-06-07 08:07:38',	42),
('ññññññññññññññññ',	'2019-06-07 09:22:47',	5,	59,	't',	'2019-06-07 09:59:14',	63),
('ñ ñ`ñ`ñ',	'2019-06-07 09:22:51',	5,	59,	't',	'2019-06-07 09:59:21',	64),
('awdawd',	'2019-06-06 11:24:37',	5,	58,	't',	'2019-06-07 09:59:26',	20),
('k',	'2019-06-06 11:49:02',	5,	26,	't',	'2019-06-07 10:13:22',	58),
('Eres un traga sables',	'2019-06-07 10:13:49',	26,	57,	't',	'2019-06-07 10:18:54',	65),
('awd',	'2019-06-06 11:45:53',	5,	26,	't',	'2019-06-07 10:21:53',	57),
('asdasd',	'2019-06-06 11:43:14',	5,	26,	't',	'2019-06-07 10:21:55',	56),
('asdas',	'2019-06-06 11:40:05',	5,	26,	't',	'2019-06-07 10:21:57',	55),
('asdsad',	'2019-06-06 11:39:51',	5,	26,	't',	'2019-06-07 10:21:59',	54),
('asd',	'2019-06-06 11:39:17',	5,	26,	't',	'2019-06-07 10:22:01',	53),
('awdawd
',	'2019-06-06 08:54:27',	5,	26,	't',	'2019-06-07 10:22:03',	11),
('ñ{ñ´.
`´',	'2019-06-07 09:22:41',	5,	59,	't',	'2019-06-07 22:08:35',	62);

DROP TABLE IF EXISTS "ReportLink";
CREATE TABLE "public"."ReportLink" (
    "content" character varying(255) NOT NULL,
    "created_at" timestamp NOT NULL,
    "user_id" integer NOT NULL,
    "link_id" integer NOT NULL,
    CONSTRAINT "ReportLink_id_user_fkey" FOREIGN KEY (user_id) REFERENCES "User"(id) ON UPDATE CASCADE ON DELETE CASCADE NOT DEFERRABLE,
    CONSTRAINT "ReportLink_link_id_fkey" FOREIGN KEY (link_id) REFERENCES "Link"(id) ON UPDATE CASCADE ON DELETE CASCADE NOT DEFERRABLE
) WITH (oids = false);


DROP TABLE IF EXISTS "Serie";
DROP SEQUENCE IF EXISTS "Serie_id_seq";
CREATE SEQUENCE "Serie_id_seq" INCREMENT  MINVALUE  MAXVALUE  START 1 CACHE ;

CREATE TABLE "public"."Serie" (
    "id" integer DEFAULT nextval('"Serie_id_seq"') NOT NULL,
    "name" character varying(255) NOT NULL,
    "description" character varying(255),
    "created_at" timestamp NOT NULL,
    "updated_at" timestamp NOT NULL,
    "image" character varying(255),
    "duration" integer DEFAULT '60',
    "rating" integer,
    "user_id" integer DEFAULT '5' NOT NULL,
    "trailer" character varying(255),
    CONSTRAINT "Serie_id" PRIMARY KEY ("id"),
    CONSTRAINT "Serie_name" UNIQUE ("name"),
    CONSTRAINT "Serie_id_user_fkey" FOREIGN KEY (user_id) REFERENCES "User"(id) ON UPDATE CASCADE ON DELETE CASCADE NOT DEFERRABLE
) WITH (oids = false);

INSERT INTO "Serie" ("id", "name", "description", "created_at", "updated_at", "image", "duration", "rating", "user_id", "trailer") VALUES
(16,	'The World at War',	'A  groundbreaking 26-part documentary series narrated by the actor Laurence Olivier about the deadliest conflict in history, World War II. ',	'2019-01-01 00:00:00',	'2019-02-01 00:00:00',	'https://m.media-amazon.com/images/M/MV5BYzExN2NhZDctOWEzMy00NzYwLTg3MDktNjYyNTQyOWY4MGYwXkEyXkFqcGdeQXVyNTAyODkwOQ@@._V1_SY1000_CR0,0,722,1000_AL_.jpg',	54,	NULL,	5,	NULL),
(18,	'Avatar: The Last Airbender',	'In a war-torn world of elemental magic, a young boy reawakens to undertake a dangerous mystic quest to fulfill his destiny as the Avatar, and bring peace to the world. ',	'2019-01-01 00:00:00',	'2019-02-01 00:00:00',	'https://m.media-amazon.com/images/M/MV5BNzZlZmQyYTgtOWNmMy00NTNhLTgyOTYtNjhiOTllOGU2MDg5XkEyXkFqcGdeQXVyMjYxMzY2NDk@._V1_.jpg',	30,	NULL,	5,	'<iframe src="https://www.imdb.com/videoembed/vi4010411801" allowfullscreen width="854" height="400"></iframe>'),
(8,	'Breaking Bad',	'A high school chemistry teacher diagnosed with inoperable lung cancer turns to manufacturing and selling methamphetamine in order to secure his family''s future.',	'2019-01-01 00:00:00',	'2019-02-01 00:00:00',	'https://m.media-amazon.com/images/M/MV5BMjhiMzgxZTctNDc1Ni00OTIxLTlhMTYtZTA3ZWFkODRkNmE2XkEyXkFqcGdeQXVyNzkwMjQ5NzM@._V1_SY1000_CR0,0,718,1000_AL_.jpg',	46,	NULL,	5,	'<iframe src="https://www.imdb.com/videoembed/vi338798873" allowfullscreen width="854" height="400"></iframe>'),
(19,	'The Sopranos',	'New Jersey mob boss Tony Soprano deals with personal and professional issues in his home and business life that affect his mental state, leading him to seek professional psychiatric counseling. ',	'2019-05-16 08:18:23',	'2019-05-16 08:18:23',	'https://m.media-amazon.com/images/M/MV5BZGJjYzhjYTYtMDBjYy00OWU1LTg5OTYtNmYwOTZmZjE3ZDdhXkEyXkFqcGdeQXVyNTAyODkwOQ@@._V1_SY1000_CR0,0,702,1000_AL_.jpg',	60,	NULL,	5,	'<iframe src="https://www.imdb.com/videoembed/vi993638937" allowfullscreen width="854" height="400"></iframe>'),
(20,	'Shingeki no kyojin',	'After his hometown is destroyed and his mother is killed, young Eren Yeager vows to cleanse the earth of the giant humanoid Titans that have brought humanity to the brink of extinction.',	'2019-05-16 08:18:23',	'2019-05-16 08:18:23',	'https://m.media-amazon.com/images/M/MV5BMTY5ODk1NzUyMl5BMl5BanBnXkFtZTgwMjUyNzEyMTE@._V1_.jpg',	24,	NULL,	5,	'<iframe src="https://www.imdb.com/videoembed/vi1401073433" allowfullscreen width="854" height="400"></iframe>'),
(21,	'Skam',	'The story of young teenagers and pupils on Hartvig Nissens upper secondary school in Oslo, and their troubles, scandals and everyday life. Each season is told from a different person''s point of view.',	'2019-05-16 08:18:23',	'2019-05-16 08:18:23',	'https://m.media-amazon.com/images/M/MV5BYjY5OGI0NmMtZTI2Zi00MmZjLTk5ZjYtZDk0YjM0YjFiZThiXkEyXkFqcGdeQXVyMzk4ODI0MzM@._V1_SY1000_CR0,0,680,1000_AL_.jpg',	NULL,	NULL,	5,	NULL),
(22,	'Peep Show',	'Mark and Jez are a couple of twenty-something roommates who have nothing in common - except for the fact that their lives are anything but normal. Mayhem ensues as the pair strive to cope with day-to-day life.',	'2019-05-16 08:18:23',	'2019-05-16 08:18:23',	'https://m.media-amazon.com/images/M/MV5BZjYwMWJhOWMtZTc5ZC00MGY0LTg0ZjktMzFhODhhZGZhNDRjXkEyXkFqcGdeQXVyNTA4NzY1MzY@._V1_.jpg',	NULL,	NULL,	5,	NULL),
(7,	'iZombie  ',	'A medical resident finds that being a zombie has its perks, which she uses to assist the police. ',	'2019-01-01 00:00:00',	'2019-02-01 00:00:00',	'https://m.media-amazon.com/images/M/MV5BZWNhODE4NzAtN2JjOC00ODJjLThhNzAtMWM1NDg4ZDQxNzMzXkEyXkFqcGdeQXVyMTkxNjUyNQ@@._V1_SY1000_SX800_AL_.jpg',	42,	NULL,	5,	'<iframe src="https://www.imdb.com/videoembed/vi672248601" allowfullscreen width="854" height="400"></iframe>'),
(6,	'Game of Thrones',	'Nine noble families fight for control over the mythical lands of Westeros, while an ancient enemy returns after being dormant for thousands of years. ',	'2019-01-01 00:00:00',	'2019-02-01 00:00:00',	'https://m.media-amazon.com/images/M/MV5BMjA5NzA5NjMwNl5BMl5BanBnXkFtZTgwNjg2OTk2NzM@._V1_SY1000_CR0,0,674,1000_AL_.jpg',	NULL,	NULL,	5,	'<iframe src="https://www.imdb.com/videoembed/vi3672620057" allowfullscreen width="854" height="400"></iframe>'),
(9,	'Chernobyl',	'In April 1986, an explosion at the Chernobyl nuclear power plant in the Union of Soviet Socialist Republics becomes one of the world''s worst man-made catastrophes. ',	'2019-01-01 00:00:00',	'2019-02-01 00:00:00',	'https://m.media-amazon.com/images/M/MV5BNTEyYmIzMDUtNWMwNC00Y2Q1LWIyZTgtMGY1YzUxOTAwYTAwXkEyXkFqcGdeQXVyMjIyMTc0ODQ@._V1_SY1000_CR0,0,674,1000_AL_.jpg',	3600,	NULL,	5,	'<iframe src="https://www.imdb.com/videoembed/vi3724524825" allowfullscreen width="854" height="400"></iframe>'),
(10,	'Planet Earth II',	'David Attenborough returns in this breathtaking documentary showcasing life on Planet Earth. ',	'2019-01-01 00:00:00',	'2019-02-01 00:00:00',	'https://m.media-amazon.com/images/M/MV5BZWYxODViMGYtMGE2ZC00ZGQ3LThhMWUtYTVkNGE3OWU4NWRkL2ltYWdlL2ltYWdlXkEyXkFqcGdeQXVyMjYwNDA2MDE@._V1_SY1000_CR0,0,666,1000_AL_.jpg',	3600,	NULL,	5,	'<iframe src="https://www.imdb.com/videoembed/vi2095757337" allowfullscreen width="854" height="400"></iframe>'),
(11,	'Band of Brothers',	'The story of Easy Company of the U.S. Army 101st Airborne Division, and their mission in World War II Europe, from Operation Overlord, through V-J Day. ',	'2019-01-01 00:00:00',	'2019-02-01 00:00:00',	'https://m.media-amazon.com/images/M/MV5BMTI3ODc2ODc0M15BMl5BanBnXkFtZTYwMjgzNjc3._V1_.jpg',	3600,	NULL,	5,	'<iframe src="https://www.imdb.com/videoembed/vi3629711385" allowfullscreen width="854" height="400"></iframe>'),
(12,	'The Wire',	'Baltimore drug scene, seen through the eyes of drug dealers and law enforcement. ',	'2019-01-01 00:00:00',	'2019-02-01 00:00:00',	'https://m.media-amazon.com/images/M/MV5BNjc1NzYwODEyMV5BMl5BanBnXkFtZTcwNTcxMzU1MQ@@._V1_SY1000_CR0,0,735,1000_AL_.jpg',	3600,	NULL,	5,	'<iframe src="https://www.imdb.com/videoembed/vi54114841" allowfullscreen width="854" height="400"></iframe>'),
(23,	'The Newsroom',	'A newsroom undergoes some changes in its workings and morals as a new team is brought in, bringing unexpected results for its existing news anchor.',	'2019-05-16 08:18:23',	'2019-05-16 08:18:23',	'https://m.media-amazon.com/images/M/MV5BMTEyMzc0ODAwMjVeQTJeQWpwZ15BbWU4MDMxODk4OTIx._V1_.jpg',	60,	NULL,	5,	'<iframe src="https://www.imdb.com/videoembed/vi3499276825" allowfullscreen width="854" height="400"></iframe>'),
(24,	'John Adams',	'The life of one of the USA''s Founding Fathers, its second President, and his role in the nation''s first 50 years. ',	'2019-05-16 08:18:23',	'2019-05-16 08:18:23',	'https://m.media-amazon.com/images/M/MV5BMTQwNDc0MDE2MF5BMl5BanBnXkFtZTcwODYwNjE2MQ@@._V1_SY1000_CR0,0,749,1000_AL_.jpg',	60,	NULL,	5,	'<iframe src="https://www.imdb.com/videoembed/vi2062090521" allowfullscreen width="854" height="400"></iframe>'),
(25,	'Berserk',	'Guts is a skilled swordsman who joins forces with a mercenary group named ''The Band of the Hawk'', lead by the charismatic Griffith, and fights with them as they battle their way into the royal court.',	'2019-05-16 08:18:23',	'2019-05-16 08:18:23',	'https://m.media-amazon.com/images/M/MV5BYWE1YTU4NmYtMTY2Ni00NDIxLTgwMzYtNWJjYWE4MDE5OTE1XkEyXkFqcGdeQXVyNjc2NjA5MTU@._V1_.jpg',	NULL,	NULL,	5,	'<iframe src="https://www.imdb.com/videoembed/vi515506457" allowfullscreen width="854" height="400"></iframe>'),
(26,	'Brass Eye',	'Controversal spoof of current affairs television, and the role of celebrity in the UK.',	'2019-05-16 08:18:23',	'2019-05-16 08:18:23',	'https://m.media-amazon.com/images/M/MV5BOGRjYzI3OGEtZDFmNi00OWQxLWFjODgtZDUyNWMxYjI4MjA5XkEyXkFqcGdeQXVyNTA4NzY1MzY@._V1_SY1000_CR0,0,680,1000_AL_.jpg',	25,	NULL,	5,	NULL),
(27,	'Shin Seiki Evangerion',	'A teenage boy finds himself recruited as a member of an elite team of pilots by his father. ',	'2019-05-16 08:18:23',	'2019-05-16 08:18:23',	'https://m.media-amazon.com/images/M/MV5BYjY1Y2ZmNDctZWQ3Yy00MTE3LTk2M2QtMjQ0MDA5ODVjMDEyXkEyXkFqcGdeQXVyNTA4NzY1MzY@._V1_.jpg',	50,	NULL,	5,	'<iframe src="https://www.imdb.com/videoembed/vi2262415897" allowfullscreen width="854" height="400"></iframe>'),
(28,	'Father Ted',	'Three misfit priests and their housekeeper live on Craggy Island, not the peaceful and quiet part of Ireland that it seems to be.',	'2019-05-16 08:18:23',	'2019-05-16 08:18:23',	'https://m.media-amazon.com/images/M/MV5BYTg3NTczOTUtZjMyNC00OWNiLThiOGQtMzJlMzEzNmIxOWI4XkEyXkFqcGdeQXVyNTA4NzY1MzY@._V1_SY1000_CR0,0,669,1000_AL_.jpg',	25,	NULL,	5,	'<iframe src="https://www.imdb.com/videoembed/vi1099086873" allowfullscreen width="854" height="400"></iframe>'),
(30,	'Top Gear',	'The hosts talk about everything car-related. From new cars to how they''re fueled, this show has it all. ',	'2019-05-16 08:18:23',	'2019-05-16 08:18:23',	'https://m.media-amazon.com/images/M/MV5BYzkwZDgwZmQtOWE4Yy00ZjgyLTgxZTYtZTRiMTg5MWY4NTFiXkEyXkFqcGdeQXVyNTA4NzY1MzY@._V1_SY1000_CR0,0,700,1000_AL_.jpg',	100,	NULL,	5,	'<iframe src="https://www.imdb.com/videoembed/vi3437214745" allowfullscreen width="854" height="400"></iframe>'),
(32,	'Downton Abbey',	'A chronicle of the lives of the British aristocratic Crawley family and their servants in the early 20th Century.',	'2019-05-16 08:18:23',	'2019-05-16 08:18:23',	'https://m.media-amazon.com/images/M/MV5BY2U1NmIwYzgtNjFkOS00YWUxLTg0YTMtZmE5NTA3YjRmY2NlXkEyXkFqcGdeQXVyNTA4NzY1MzY@._V1_SY1000_CR0,0,701,1000_AL_.jpg',	60,	NULL,	5,	'<iframe src="https://www.imdb.com/videoembed/vi1760408089" allowfullscreen width="854" height="400"></iframe>'),
(29,	'Expediente X',	'Dedicated to Shrimati SL Loney ji, Shri Irodov ji and Maanniya HC Verma ji, ''Kota Factory'' is TVF''s latest original. India''s first ''Black and White'' show highlights the problems present day IIT-JEE aspirants face in their day-to-day lives. ',	'2019-05-16 08:18:23',	'2019-05-16 08:18:23',	'https://m.media-amazon.com/images/M/MV5BZDA0MmM4YzUtMzYwZC00OGI2LWE0ODctNzNhNTkwN2FmNTVhXkEyXkFqcGdeQXVyNTA4NzY1MzY@._V1_SY1000_SX675_AL_.jpg',	45,	NULL,	5,	'<iframe src="https://www.imdb.com/videoembed/vi745453849" allowfullscreen width="854" height="400"></iframe>'),
(31,	'Monster',	'A brilliant neurosurgeon living in Germany finds his life in utter turmoil after getting involved with a psychopath that was once a former patient.',	'2019-05-16 08:18:23',	'2019-05-16 08:18:23',	'https://m.media-amazon.com/images/M/MV5BNDJhM2I1ZTgtNzUzNC00OTU3LWEzOWUtYzk3NjE0ZjkwOTVkXkEyXkFqcGdeQXVyNTA4NzY1MzY@._V1_.jpg',	30,	NULL,	5,	'<iframe src="https://www.imdb.com/videoembed/vi446891289" allowfullscreen width="854" height="400"></iframe>'),
(33,	'Kota Factory',	'Dedicated to Shrimati SL Loney ji, Shri Irodov ji and Maanniya HC Verma ji, ''Kota Factory'' is TVF''s latest original. India''s first ''Black and White'' show highlights the problems present day IIT-JEE aspirants face in their day-to-day lives. ',	'2019-05-16 08:18:23',	'2019-05-16 08:18:23',	'https://m.media-amazon.com/images/M/MV5BNWFlNTY5MzEtNDhhMy00YTRmLWJhYjMtM2JjODkyMGRkZmUzXkEyXkFqcGdeQXVyOTAzMTc2MjA@._V1_.jpg',	50,	NULL,	5,	'<iframe src="https://www.imdb.com/videoembed/vi2063449369" allowfullscreen width="854" height="400"></iframe>'),
(34,	'Dexter',	'By day, mild-mannered Dexter is a blood-spatter analyst for the Miami police. But at night, he is a serial killer who only targets other murderers.',	'2019-05-16 08:18:23',	'2019-05-16 08:18:23',	'https://m.media-amazon.com/images/M/MV5BMTM5MjkwMTI0MV5BMl5BanBnXkFtZTcwODQwMTc0OQ@@._V1_.jpg',	60,	NULL,	5,	'<iframe src="https://www.imdb.com/videoembed/vi2270077465" allowfullscreen width="854" height="400"></iframe>'),
(35,	'Young Justice',	'eenage superheroes strive to prove themselves as members of the Justice League. ',	'2019-05-16 08:18:23',	'2019-05-16 08:18:23',	'https://m.media-amazon.com/images/M/MV5BYjZmODVjMWQtOTMzYS00ZjIwLWJhODQtM2IyMzAyMzYwZDQwXkEyXkFqcGdeQXVyMzIxOTM0ODM@._V1_SY1000_CR0,0,696,1000_AL_.jpg',	60,	NULL,	5,	'<iframe src="https://www.imdb.com/videoembed/vi3933314585" allowfullscreen width="854" height="400"></iframe>'),
(36,	'Blackadder II',	'In the Tudor court of Elizabeth I, Lord Edmund Blackadder strives to win Her Majesty''s favour while attempting to avoid a grisly fate should he offend her.',	'2019-05-16 08:18:23',	'2019-05-16 08:18:23',	'https://m.media-amazon.com/images/M/MV5BMTI4NDc1NDg0N15BMl5BanBnXkFtZTYwNjk0MTc5._V1_.jpg',	60,	NULL,	5,	NULL),
(37,	'Archer',	'Covert black ops and espionage take a back seat to zany personalities and relationships between secret agents and drones.',	'2019-05-16 08:18:23',	'2019-05-16 08:18:23',	'https://m.media-amazon.com/images/M/MV5BMTg3NTMwMzY2OF5BMl5BanBnXkFtZTgwMDcxMjQ0NDE@._V1_SY1000_CR0,0,666,1000_AL_.jpg',	60,	NULL,	5,	'<iframe src="https://www.imdb.com/videoembed/vi1934671129" allowfullscreen width="854" height="400"></iframe>'),
(38,	'From the Earth to the Moon',	'Dramatized portrayal of the Apollo manned space program.',	'2019-05-16 08:18:23',	'2019-05-16 08:18:23',	'https://m.media-amazon.com/images/M/MV5BMTg1NTM4ODctMWUxYi00NDZhLWJhNGEtNzA3MGE4MWY4N2E2XkEyXkFqcGdeQXVyNTA4NzY1MzY@._V1_SY1000_CR0,0,706,1000_AL_.jpg',	60,	NULL,	5,	'<iframe src="https://www.imdb.com/videoembed/vi900006169" allowfullscreen width="854" height="400"></iframe>'),
(40,	'Oz',	'A series chronicling the daily activities of an unusual prison facility and its criminal inhabitants. ',	'2019-05-16 08:18:23',	'2019-05-16 08:18:23',	'https://m.media-amazon.com/images/M/MV5BZGU0Zjc5ZGQtYzBhNi00NDFhLWE5MWEtMjQxNGFhMGJmOWM0XkEyXkFqcGdeQXVyNzkwMjQ5NzM@._V1_SY1000_CR0,0,675,1000_AL_.jpg',	60,	NULL,	5,	'<iframe src="https://www.imdb.com/videoembed/vi2476671257" allowfullscreen width="854" height="400"></iframe>'),
(41,	'Justice League Unlimited',	'A continuation of the Justice League animated series finds the original members of the team joined in their battle against crime and evil by dozens of other heroes from the DC comics universe.',	'2019-05-16 08:18:23',	'2019-05-16 08:18:23',	'https://m.media-amazon.com/images/M/MV5BMTI3MjI1NTAtYjI2ZS00OTVlLTk0OTQtNTc5M2U3NmNmYjMzXkEyXkFqcGdeQXVyOTgwMzk1MTA@._V1_SY1000_CR0,0,620,1000_AL_.jpg',	60,	NULL,	5,	NULL),
(42,	'Sahsiyet',	'A man with diagnosis of Alzheimer''s, decides to punish the criminals. ',	'2019-05-16 08:18:23',	'2019-05-16 08:18:23',	'https://m.media-amazon.com/images/M/MV5BOTJkNzJmYzgtZTZmNC00MTQ2LWE2ZGQtM2EyYjliNGViMTY5XkEyXkFqcGdeQXVyNDg4MjkzNDk@._V1_SY1000_CR0,0,714,1000_AL_.jpg',	60,	NULL,	5,	'<iframe src="https://www.imdb.com/videoembed/vi1657256985" allowfullscreen width="854" height="400"></iframe>'),
(43,	'Roma',	'A down-to-earth account of the lives of both illustrious and ordinary Romans set in the last days of the Roman Republic.',	'2019-05-16 08:18:23',	'2019-05-16 08:18:23',	'https://m.media-amazon.com/images/M/MV5BZTM4NjBkMWEtZDA4My00MzA0LWI0ZWMtNzUwYWVhOThiMTgwXkEyXkFqcGdeQXVyNTAyODkwOQ@@._V1_SY1000_CR0,0,760,1000_AL_.jpg',	60,	NULL,	5,	'<iframe src="https://www.imdb.com/videoembed/vi2862875929" allowfullscreen width="854" height="400"></iframe>'),
(44,	'Cobra Kai',	'Decades after their 1984 All Valley Karate Tournament bout, a middle-aged Daniel LaRusso and Johnny Lawrence find themselves martial-arts rivals again.',	'2019-05-16 08:18:23',	'2019-05-16 08:18:23',	'https://m.media-amazon.com/images/M/MV5BNmVhODFlNTctMTg0MC00MjdiLTk2ZjUtZDE3YzEwNzFjOGYxXkEyXkFqcGdeQXVyODY0NzcxNw@@._V1_SY1000_CR0,0,712,1000_AL_.jpg',	60,	NULL,	5,	'<iframe src="https://www.imdb.com/videoembed/vi265862425" allowfullscreen width="854" height="400"></iframe>');

DROP TABLE IF EXISTS "User";
DROP SEQUENCE IF EXISTS "User_id_seq";
CREATE SEQUENCE "User_id_seq" INCREMENT  MINVALUE  MAXVALUE  START 1 CACHE ;

CREATE TABLE "public"."User" (
    "id" integer DEFAULT nextval('"User_id_seq"') NOT NULL,
    "nick" character varying(100) NOT NULL,
    "password" character varying(255) NOT NULL,
    "email" character varying(255) NOT NULL,
    "banned" boolean NOT NULL,
    "hidden" integer NOT NULL,
    "created_at" timestamp NOT NULL,
    "updated_at" timestamp NOT NULL,
    "image" character varying(255),
    "description" character varying(255),
    "status" boolean NOT NULL,
    "perms" integer NOT NULL,
    "remember_token" character varying(45),
    "token_verify" character varying(40),
    CONSTRAINT "User_id" PRIMARY KEY ("id"),
    CONSTRAINT "User_perms_fkey" FOREIGN KEY (perms) REFERENCES "Perms"(id) NOT DEFERRABLE
) WITH (oids = false);

INSERT INTO "User" ("id", "nick", "password", "email", "banned", "hidden", "created_at", "updated_at", "image", "description", "status", "perms", "remember_token", "token_verify") VALUES
(26,	'retrachado',	'0d0799aff3a9e9cccb5f1dcc0d451cfaeb83fbfa409eb2d1d511d0e6cc38fae9',	'retrachado_manda@alex-retrachado.com',	'f',	0,	'2019-05-29 11:44:14',	'2019-05-29 12:01:25',	'1559131271trollface.jpg',	'null',	't',	3,	NULL,	NULL),
(58,	'pruebaR',	'ef797c8118f02dfb649607dd5d3f8c7623048c9c063d532cc95c5ed7a898a64f',	'rosiv22@gmail.com',	'f',	0,	'2019-06-05 07:07:43',	'2019-06-05 07:08:04',	NULL,	NULL,	't',	1,	NULL,	'8D4Q3bA4uA8iZOKFOyn8hCAzNDCLGHldKpW18fGg'),
(34,	'Elraboloko',	'03ac674216f3e15c761ee1a5e255f067953623c8b388b4459e13f978d7c846f4',	'elraboloko@test.com',	'f',	0,	'2019-06-01 11:38:14',	'2019-06-01 11:38:14',	NULL,	NULL,	't',	1,	NULL,	NULL),
(59,	'Isma',	'f2e53c927c66fe711e8e88ef9b37a8e3187f1652216b313fc8eb2513883dd360',	'ismaelkayak@gmail.com',	'f',	0,	'2019-06-05 07:10:42',	'2019-06-05 13:37:46',	NULL,	NULL,	't',	3,	NULL,	'w3YCaRKejvIFJV0aQW7kGvmwobdIbqTrdbX5b79E'),
(57,	'Alex',	'9f86d081884c7d659a2feaa0c55ad015a3bf4f1b2b0b822cd15d6c15b0f00a08',	'alejandrogaya1994@gmail.com',	'f',	0,	'2019-06-05 07:05:12',	'2019-06-07 10:18:50',	NULL,	'awdawdwadaasd',	't',	3,	NULL,	'adxLvD4oDRbigycu4qhyA5nTwHa8x7EuDwFRwpI4'),
(60,	'customer_user',	'0d0799aff3a9e9cccb5f1dcc0d451cfaeb83fbfa409eb2d1d511d0e6cc38fae9',	'customer_user@pqa.com',	'f',	0,	'2019-06-07 10:30:38',	'2019-06-07 10:30:38',	NULL,	NULL,	't',	1,	NULL,	'NBm8crB8cIPefIpPyXna3QVx05p57udD6ksG6ize'),
(5,	'admintest',	'bbd7182cd0ee95488f1a1e6f3fe0d8f94ed0d14e4db1dce713fe82a3231c523d',	'admintest@test.es',	'f',	0,	'2019-05-04 17:04:34',	'2019-06-07 11:45:46',	'1558869090mrbean2.jpg',	'test descripción nnnnnnnnnnnnnnkkkkkkkasd',	't',	3,	NULL,	NULL),
(43,	'pipo',	'0d0799aff3a9e9cccb5f1dcc0d451cfaeb83fbfa409eb2d1d511d0e6cc38fae9',	'pipo@gmail.com',	'f',	0,	'2019-06-03 11:43:19',	'2019-06-03 11:43:19',	NULL,	NULL,	't',	1,	NULL,	NULL);

DROP TABLE IF EXISTS "User_film";
CREATE TABLE "public"."User_film" (
    "user_id" integer NOT NULL,
    "film_id" integer NOT NULL,
    "like" boolean DEFAULT false NOT NULL,
    "favourite" boolean DEFAULT false NOT NULL,
    "pending" boolean DEFAULT false NOT NULL,
    "seen" boolean DEFAULT false NOT NULL,
    CONSTRAINT "User_film_user_id_film_id" PRIMARY KEY ("user_id", "film_id"),
    CONSTRAINT "User_film_film_id_fkey" FOREIGN KEY (film_id) REFERENCES "Film"(id) ON UPDATE CASCADE ON DELETE CASCADE NOT DEFERRABLE,
    CONSTRAINT "User_film_user_id_fkey" FOREIGN KEY (user_id) REFERENCES "User"(id) ON UPDATE CASCADE ON DELETE CASCADE NOT DEFERRABLE
) WITH (oids = false);

INSERT INTO "User_film" ("user_id", "film_id", "like", "favourite", "pending", "seen") VALUES
(57,	15,	't',	'f',	'f',	't'),
(5,	14,	'f',	'f',	'f',	't'),
(57,	10,	't',	'f',	'f',	't'),
(57,	9,	't',	'f',	'f',	't'),
(57,	14,	't',	'f',	'f',	't'),
(57,	11,	't',	'f',	'f',	't'),
(57,	26,	't',	'f',	'f',	't'),
(57,	27,	't',	'f',	'f',	't'),
(5,	17,	'f',	'f',	'f',	'f'),
(5,	20,	'f',	'f',	'f',	'f'),
(57,	28,	't',	'f',	'f',	't'),
(57,	29,	't',	'f',	'f',	't'),
(57,	30,	't',	'f',	'f',	't'),
(57,	13,	't',	'f',	'f',	't'),
(26,	4,	'f',	'f',	'f',	'f'),
(57,	25,	't',	'f',	'f',	't'),
(5,	8,	'f',	't',	'f',	'f'),
(5,	28,	'f',	'f',	'f',	'f'),
(57,	20,	't',	'f',	'f',	't'),
(57,	21,	't',	'f',	'f',	't'),
(34,	7,	't',	'f',	'f',	'f'),
(34,	6,	't',	'f',	'f',	'f'),
(5,	22,	'f',	'f',	'f',	'f'),
(34,	10,	't',	'f',	'f',	'f'),
(5,	4,	'f',	'f',	'f',	't'),
(57,	17,	't',	'f',	'f',	't'),
(57,	23,	't',	'f',	'f',	't'),
(26,	12,	't',	'f',	'f',	'f'),
(26,	5,	't',	'f',	'f',	'f'),
(26,	16,	't',	'f',	'f',	'f'),
(26,	8,	't',	'f',	'f',	'f'),
(26,	6,	't',	'f',	'f',	'f'),
(26,	9,	'f',	'f',	'f',	't'),
(26,	10,	'f',	'f',	'f',	't'),
(26,	11,	'f',	'f',	'f',	't'),
(57,	18,	't',	'f',	'f',	't'),
(5,	21,	'f',	't',	'f',	'f'),
(5,	25,	'f',	'f',	'f',	'f'),
(57,	19,	't',	'f',	'f',	't'),
(59,	4,	't',	'f',	'f',	't'),
(57,	22,	't',	'f',	'f',	't'),
(5,	5,	'f',	'f',	'f',	'f'),
(59,	11,	'f',	'f',	'f',	'f'),
(5,	9,	'f',	'f',	'f',	'f'),
(5,	12,	'f',	'f',	'f',	't'),
(5,	7,	'f',	't',	'f',	't'),
(5,	6,	'f',	'f',	'f',	't'),
(5,	19,	'f',	'f',	'f',	't'),
(5,	16,	'f',	'f',	'f',	'f'),
(5,	15,	'f',	'f',	'f',	'f'),
(5,	10,	'f',	'f',	'f',	'f'),
(5,	11,	'f',	't',	'f',	'f'),
(5,	26,	'f',	'f',	'f',	'f'),
(5,	27,	'f',	'f',	'f',	'f'),
(5,	30,	'f',	'f',	'f',	'f'),
(5,	13,	'f',	'f',	'f',	'f'),
(5,	29,	'f',	'f',	'f',	'f'),
(57,	4,	't',	'f',	'f',	't'),
(57,	5,	't',	'f',	'f',	't'),
(57,	12,	't',	'f',	'f',	't'),
(57,	7,	't',	'f',	'f',	't'),
(57,	6,	't',	'f',	'f',	't'),
(57,	8,	't',	'f',	'f',	't'),
(57,	16,	't',	'f',	'f',	't');

DROP TABLE IF EXISTS "User_like_film";
CREATE TABLE "public"."User_like_film" (
    "user_id" integer NOT NULL,
    "film_id" integer NOT NULL,
    CONSTRAINT "User_like_film_user_id_film_id" PRIMARY KEY ("user_id", "film_id"),
    CONSTRAINT "User_like_film_film_id_fkey" FOREIGN KEY (film_id) REFERENCES "Film"(id) ON UPDATE CASCADE ON DELETE CASCADE NOT DEFERRABLE,
    CONSTRAINT "User_like_film_user_id_fkey" FOREIGN KEY (user_id) REFERENCES "User"(id) ON UPDATE CASCADE ON DELETE CASCADE NOT DEFERRABLE
) WITH (oids = false);


DROP TABLE IF EXISTS "User_list";
CREATE TABLE "public"."User_list" (
    "user_id" integer NOT NULL,
    "list_id" integer NOT NULL,
    "follow" boolean DEFAULT false NOT NULL,
    CONSTRAINT "User_list_user_id_list_id" PRIMARY KEY ("user_id", "list_id"),
    CONSTRAINT "User_list_list_id_fkey" FOREIGN KEY (list_id) REFERENCES "List"(id) ON UPDATE CASCADE ON DELETE CASCADE NOT DEFERRABLE,
    CONSTRAINT "User_list_user_id_fkey" FOREIGN KEY (user_id) REFERENCES "User"(id) ON UPDATE CASCADE ON DELETE CASCADE NOT DEFERRABLE
) WITH (oids = false);

INSERT INTO "User_list" ("user_id", "list_id", "follow") VALUES
(57,	73,	't'),
(5,	73,	't'),
(57,	75,	't');

DROP TABLE IF EXISTS "User_serie";
CREATE TABLE "public"."User_serie" (
    "like" boolean DEFAULT false NOT NULL,
    "favourite" boolean DEFAULT false NOT NULL,
    "pending" boolean DEFAULT false NOT NULL,
    "seen" boolean DEFAULT false NOT NULL,
    "user_id" integer NOT NULL,
    "serie_id" integer NOT NULL,
    CONSTRAINT "User_serie_user_id_serie_id" PRIMARY KEY ("user_id", "serie_id"),
    CONSTRAINT "User_serie_serie_id_fkey" FOREIGN KEY (serie_id) REFERENCES "Serie"(id) ON UPDATE CASCADE ON DELETE CASCADE NOT DEFERRABLE,
    CONSTRAINT "User_serie_user_id_fkey" FOREIGN KEY (user_id) REFERENCES "User"(id) ON UPDATE CASCADE ON DELETE CASCADE NOT DEFERRABLE
) WITH (oids = false);

INSERT INTO "User_serie" ("like", "favourite", "pending", "seen", "user_id", "serie_id") VALUES
('f',	't',	'f',	'f',	5,	16),
('f',	'f',	'f',	'f',	59,	8),
('f',	't',	'f',	'f',	26,	8),
('t',	'f',	'f',	't',	57,	16),
('f',	't',	'f',	'f',	26,	7),
('t',	'f',	'f',	't',	57,	18),
('t',	'f',	'f',	't',	57,	8),
('f',	'f',	'f',	't',	57,	19),
('f',	'f',	'f',	'f',	57,	20),
('f',	'f',	'f',	'f',	5,	20),
('f',	'f',	'f',	'f',	5,	21),
('f',	'f',	'f',	'f',	5,	22),
('f',	'f',	'f',	'f',	5,	7),
('f',	'f',	'f',	'f',	5,	9),
('f',	'f',	'f',	'f',	5,	10),
('f',	'f',	'f',	'f',	5,	11),
('f',	'f',	'f',	'f',	5,	12),
('f',	'f',	'f',	'f',	5,	23),
('f',	'f',	'f',	'f',	5,	26),
('f',	'f',	'f',	'f',	5,	27),
('f',	'f',	'f',	'f',	5,	29),
('f',	'f',	'f',	'f',	5,	30),
('f',	'f',	'f',	'f',	5,	18),
('f',	't',	'f',	'f',	5,	8),
('f',	'f',	'f',	'f',	5,	19),
('f',	't',	'f',	'f',	5,	6);

-- 2019-06-10 16:50:59.992159+00
